编号,家具名称,模型编号,合成分组,简单家具？,桌子？,椅子？,屏障？,光源？,任意旋转？,添加合成？,乱序合成？,合成表1行,合成表2行,合成表3行,合成材料 #,合成材料 $,合成材料 %,合成材料 &,合成材料 *,合成材料 @,合成材料 =,合成材料 -,合成材料 +,转换至家具
0,【16BitSamurai】Logo,10000,nw:test,1,,,,1,1,1,,###,###,###,golden_apple,,,,,,,,,
1,橡木坐垫椅,10001,nw:chair_cushion,1,,1,1,,1,1,,#,###,$%$,#wool,oak_planks,stick,,,,,,,
2,去皮橡木原木椅,10002,nw:chair_stripped_log,1,,1,1,,1,1,,#,###,$%$,stripped_oak_log,oak_planks,stick,,,,,,,
3,去皮橡木原木桌,10003,nw:table_stripped_log,1,1,,1,,,1,,,###,$%$,stripped_oak_log,oak_fence,stick,,,,,,,
4,橡木衬布桌,10004,nw:table_cloth,1,1,,1,,,1,,,###,$%$,#wool,oak_fence,stick,,,,,,,
5,去皮橡木原木凳,10005,nw:stool_stripped_log,1,,1,1,,1,1,,,###,$%$,stripped_oak_log,oak_slab,stick,,,,,,,
6,橡木坐垫凳,10006,nw:stool_cushion,1,,1,1,,1,1,,,###,$%$,#wool,oak_slab,stick,,,,,,,
7,橡木木板椅,10007,nw:chair_plank,1,,1,1,,1,1,,#,###,$%$,oak_planks,oak_planks,stick,,,,,,,
8,橡木木板桌,10008,nw:table_plank,1,1,,1,,,1,,,###,$%$,oak_planks,oak_fence,stick,,,,,,,
9,橡木木板凳,10009,nw:stool_plank,1,,1,1,,1,1,,,###,$%$,oak_planks,oak_slab,stick,,,,,,,
10,去皮橡木椅,10010,nw:chair_stripped,1,,1,1,,1,1,,#,###,$%$,stripped_oak_wood,oak_planks,stick,,,,,,,
11,去皮橡木桌,10011,nw:table_stripped,1,1,,1,,,1,,,###,$%$,stripped_oak_wood,oak_fence,stick,,,,,,,
12,去皮橡木凳,10012,nw:stool_stripped,1,,1,1,,1,1,,,###,$%$,stripped_oak_wood,oak_slab,stick,,,,,,,
13,单腿橡木衬布桌,10013,nw:table_cloth_oneleg,1,1,,1,,,1,,,###,$,#wool,oak_fence,,,,,,,,
14,单腿橡木木板桌,10015,nw:table_plank_oneleg,1,1,,1,,,1,,,###,$,oak_planks,oak_fence,,,,,,,,
15,单腿去皮橡木原木桌,10014,nw:table_stripped_log_oneleg,1,1,,1,,,1,,,###,$,stripped_oak_log,oak_fence,,,,,,,,
16,单腿去皮橡木桌,10016,nw:table_stripped_oneleg,1,1,,1,,,1,,,###,$,stripped_oak_wood,oak_fence,,,,,,,,
17,橡木衬布板,10017,nw:shelf_cloth,1,1,,1,,,1,,###,$$$,,#wool,oak_slab,,,,,,,,
18,去皮橡木原木板,10018,nw:shelf_stripped_log,1,1,,1,,,1,,###,$$$,,stripped_oak_log,oak_slab,,,,,,,,
19,橡木板,10019,nw:shelf_plank,1,1,,1,,,1,,###,$$$,,oak_planks,oak_slab,,,,,,,,
20,去皮橡木板,10020,nw:shelf_strpped,1,1,,1,,,1,,###,$$$,,stripped_oak_wood,oak_slab,,,,,,,,
21,橡木衬布支架,10021,nw:wall_shelf_cloth,1,1,,1,,,1,,###,$$$,%$%,#wool,oak_slab,stick,,,,,,,
22,去皮橡木原木支架,10022,nw:wall_shelf_stripped_log,1,1,,1,,,1,,###,$$$,%$%,stripped_oak_log,oak_slab,stick,,,,,,,
23,橡木木板支架,10023,nw:wall_shelf_plank,1,1,,1,,,1,,###,$$$,%$%,oak_planks,oak_slab,stick,,,,,,,
24,去皮橡木支架,10024,nw:wall_shelf_strpped,1,1,,1,,,1,,###,$$$,%$%,stripped_oak_wood,oak_slab,stick,,,,,,,
25,橡木扶手坐垫椅,10025,nw:armchair_cushion,1,,1,1,,1,1,,$#$,###,$%$,#wool,oak_planks,stick,,,,,,,
26,去皮橡木原木扶手椅,10026,nw:armchair_stripped_log,1,,1,1,,1,1,,$#$,###,$%$,stripped_oak_log,oak_planks,stick,,,,,,,
27,橡木木板扶手椅,10027,nw:armchair_plank,1,,1,1,,1,1,,$#$,###,$%$,oak_planks,oak_planks,stick,,,,,,,
28,去皮橡木扶手椅,10028,nw:armchair_stripped,1,,1,1,,1,1,,$#$,###,$%$,stripped_oak_wood,oak_planks,stick,,,,,,,
29,橡木原木倾斜上支撑,10029,nw:pillar_tilt_up_log,1,,,1,,,,,,,,,,,,,,,,,31
30,橡木原木支撑,10030,nw:pillar_log,1,,,1,,,1,,# #,#,# #,oak_log,,,,,,,,,29
31,橡木原木倾斜下支撑,10031,nw:pillar_tilt_down_log,1,,,1,,,,,,,,,,,,,,,,,30
32,橡木原木堆,10032,nw:pile_log,1,,,1,,1,1,,,#,###,oak_log,,,,,,,,,
33,系绳横橡木原木,10033,nw:roped_horizontal_log,1,,,1,,,1,,$,###,$,oak_log,lead,,,,,,,,34
34,系绳竖橡木原木,10034,nw:roped_vertical_log,1,1,,1,,,,,,,,,,,,,,,,,33
35,系绳横去皮橡木原木,10035,nw:roped_horizontal_stripped_log,1,,,1,,,1,,$,###,$,stripped_oak_log,lead,,,,,,,,36
36,系绳竖去皮橡木原木,10036,nw:roped_vertical_stripped_log,1,1,,1,,,,,,,,,,,,,,,,,35
37,去皮橡木原木倾斜上支撑,10037,nw:pillar_tilt_up_stripped_log,1,,,1,,,,,,,,,,,,,,,,,39
38,去皮橡木原木支撑,10038,nw:pillar_stripped_log,1,,,1,,,1,,# #,#,# #,stripped_oak_log,,,,,,,,,37
39,去皮橡木原木倾斜下支撑,10039,nw:pillar_tilt_down_stripped_log,1,,,1,,,,,,,,,,,,,,,,,38
40,捆扎的橡木原木堆,10040,nw:roped_pile_log,1,,,1,,1,1,,$,#,###,oak_log,lead,,,,,,,,
41,橡木靠背椅,10041,nw:bench_middle,1,,1,1,,,1,,#,###,$$$,stripped_oak_wood,oak_slab,,,,,,,,
42,橡木秋千,10042,nw:bench_swing,1,,1,1,,,1,,#%,###,$$$,stripped_oak_wood,oak_slab,lead,,,,,,,
43,橡木长椅左扶手,10043,nw:bench_left,1,,1,1,,,1,,##,###,$%%,stripped_oak_wood,oak_planks,oak_slab,,,,,,,44
44,橡木长椅右扶手,10044,nw:bench_right,1,,1,1,,,,,,,,,,,,,,,,,43
45,橡木坐垫靠背椅,10045,nw:bench_middle_cushion,1,,1,1,,,1,,#,###,$$$,#wool,oak_slab,,,,,,,,
46,橡木坐垫秋千,10046,nw:bench_swing_cushion,1,,1,1,,,1,,#%,###,$$$,#wool,oak_slab,lead,,,,,,,
47,橡木坐垫长椅左扶手,10047,nw:bench_left_cushion,1,,1,1,,,1,,##,###,$%%,#wool,oak_planks,oak_slab,,,,,,,48
48,橡木坐垫长椅右扶手,10048,nw:bench_right_cushion,1,,1,1,,,,,,,,,,,,,,,,,47
49,系绳橡木原木单栅栏,10049,nw:roped_fence_log,1,1,,1,,,1,,$,$#$,$%,oak_log,oak_fence,lead,,,,,,,
50,系绳橡木原木单向栅栏,10050,nw:roped_fence_single_end_log,1,1,,1,,,,,,,,,,,,,,,,,51
51,系绳橡木原木双向栅栏,10051,nw:roped_fence_double_end_log,1,1,,1,,,,,,,,,,,,,,,,,52
52,系绳橡木原木三向栅栏,10052,nw:roped_fence_triple_end_log,1,1,,1,,,,,,,,,,,,,,,,,53
53,系绳橡木原木对向栅栏,10053,nw:roped_fence_opposite_end_log,1,1,,1,,,,,,,,,,,,,,,,,54
54,系绳橡木原木四向栅栏,10054,nw:roped_fence_quadruple_end_log,1,1,,1,,,,,,,,,,,,,,,,,50
55,系绳去皮橡木原木单栅栏,10055,nw:roped_fence_stripped_log,1,1,,1,,,1,,$,$#$,$%,stripped_oak_log,oak_fence,lead,,,,,,,56
56,系绳去皮橡木原木单向栅栏,10056,nw:roped_fence_single_end_stripped_log,1,1,,1,,,,,,,,,,,,,,,,,57
57,系绳去皮橡木原木双向栅栏,10057,nw:roped_fence_double_end_stripped_log,1,1,,1,,,,,,,,,,,,,,,,,58
58,系绳去皮橡木原木三向栅栏,10058,nw:roped_fence_triple_end_stripped_log,1,1,,1,,,,,,,,,,,,,,,,,59
59,系绳去皮橡木原木对向栅栏,10059,nw:roped_fence_opposite_end_stripped_log,1,1,,1,,,,,,,,,,,,,,,,,60
60,系绳去皮橡木原木四向栅栏,10060,nw:roped_fence_quadruple_end_stripped_log,1,1,,1,,,,,,,,,,,,,,,,,55
61,橡木原木单栅栏,10061,nw:fence_log,1,1,,1,,,1,,$,$#$,$,oak_log,oak_fence,,,,,,,,62
62,橡木原木单向栅栏,10062,nw:fence_single_end_log,1,1,,1,,,,,,,,,,,,,,,,,63
63,橡木原木双向栅栏,10063,nw:fence_double_end_log,1,1,,1,,,,,,,,,,,,,,,,,64
64,橡木原木三向栅栏,10064,nw:fence_triple_end_log,1,1,,1,,,,,,,,,,,,,,,,,65
65,橡木原木对向栅栏,10065,nw:fence_opposite_end_log,1,1,,1,,,,,,,,,,,,,,,,,66
66,橡木原木四向栅栏,10066,nw:fence_quadruple_end_log,1,1,,1,,,,,,,,,,,,,,,,,61
67,去皮橡木原木单栅栏,10067,nw:fence_stripped_log,1,1,,1,,,1,,$,$#$,$,stripped_oak_log,oak_fence,,,,,,,,68
68,去皮橡木原木单向栅栏,10068,nw:fence_single_end_stripped_log,1,1,,1,,,,,,,,,,,,,,,,,69
69,去皮橡木原木双向栅栏,10069,nw:fence_double_end_stripped_log,1,1,,1,,,,,,,,,,,,,,,,,70
70,去皮橡木原木三向栅栏,10070,nw:fence_triple_end_stripped_log,1,1,,1,,,,,,,,,,,,,,,,,71
71,去皮橡木原木对向栅栏,10071,nw:fence_opposite_end_stripped_log,1,1,,1,,,,,,,,,,,,,,,,,72
72,去皮橡木原木四向栅栏,10072,nw:fence_quadruple_end_stripped_log,1,1,,1,,,,,,,,,,,,,,,,,67
73,橡木双扶手,10073,nw:handrail_double,1,,,,,,1,,# #,$ $,% %,stripped_oak_wood,oak_planks,stick,,,,,,,
74,橡木右扶手,10074,nw:handrail_right,1,,,,,,1,,#%,$%,%,stripped_oak_wood,oak_planks,stick,,,,,,,75
75,橡木左扶手,10075,nw:handrail_left,1,,,,,,,,,,,,,,,,,,,,74
76,橡木软垫双扶手,10076,nw:handrail_double_cushion,1,,,,,,1,,# #,$%$,% %,#wool,oak_planks,stick,,,,,,,
77,橡木软垫右扶手,10077,nw:handrail_right_cushion,1,,,,,,1,,#%,$%,%,#wool,oak_planks,stick,,,,,,,78
78,橡木软垫左扶手,10078,nw:handrail_left_cushion,1,,,,,,,,,,,,,,,,,,,,77
79,橡木酒吧门,10079,nw:bar_gate,,,,1,,,1,,,$#$,,oak_door,stripped_oak_wood,,,,,,,,
80,橡木木质花盆,10081,nw:wooden_pot,1,,,1,,,1,,# #,#$#,###,stripped_oak_log,podzol,,,,,,,,
81,橡木小树,10082,nw:small_tree,1,,,1,,,1,,$$$,$#$,#,oak_log,oak_leaves,,,,,,,,
82,垂直系绳,10083,nw:rope_vertical,1,,,,,,1,,#,#,#,lead,,,,,,,,,84
83,绳结环,10084,nw:rope_loop,1,,,,,,1,,#,# #,#,lead,,,,,,,,,
84,水平系绳,10085,nw:rope_horizontal,1,,,,,,,,,,,,,,,,,,,,82
85,铜制水龙头,10086,nw:copper_faucet,1,,,,,,1,,$,###,#,copper_ingot,iron_trapdoor,,,,,,,,
86,橡木双色遮阳棚,10087,nw:dual_color_parasol,1,,,,,,1,,###,$ $,% %,#wool_carpets,oak_slab,stick,,,,,,,
87,铜制烛台,10088,nw:copper_candlestick,1,,,1,,,1,,#,$,#,copper_ingot,lightning_rod,,,,,,,,
88,铜制沙漏,10089,nw:copper_hourglass,,,,,,1,1,,###,$%$,###,copper_ingot,glass,sand,,,,,,,
89,墨水瓶和羽毛笔,10091,nw:ink_and_feather_pen,1,,,,,1,1,,$,#,%,feather,ink_sac,glass_bottle,,,,,,,
90,散落的纸张,10092,nw:scattered_paper,1,,,,,1,1,,###,###,###,paper,,,,,,,,,
91,装饰纸张,10093,nw:decorative_paper,1,,,,,1,1,,##,##,,paper,,,,,,,,,
92,装饰书本,10094,nw:decorative_book,,,,,,1,1,,###,###,###,book,,,,,,,,,
93,堆成叠的书本,10096,nw:pile_book,1,1,,1,,1,1,,#,#,#,book,,,,,,,,,
94,堆成排的书本,10097,nw:arranged_book,1,,,,,1,1,,,###,,book,,,,,,,,,
95,陶土花盆,10098,nw:clay_pot,1,,,1,,,1,,# #,#$#,###,terracotta,podzol,,,,,,,,
96,苹果作物箱,10099,nw:crop_basket,1,,,1,,1,1,,###,#$#,###,apple,barrel,,,,,,,,
97,土豆作物箱,10100,nw:crop_basket,1,,,1,,1,1,,###,#$#,###,potato,barrel,,,,,,,,
98,萝卜作物箱,10101,nw:crop_basket,1,,,1,,1,1,,###,#$#,###,carrot,barrel,,,,,,,,
99,甜菜作物箱,10102,nw:crop_basket,1,,,1,,1,1,,###,#$#,###,beetroot,barrel,,,,,,,,
100,小麦作物箱,10103,nw:crop_basket,1,,,1,,1,1,,###,#$#,###,wheat,barrel,,,,,,,,
101,浆果作物箱,10104,nw:crop_basket,1,,,1,,1,1,,###,#$#,###,sweet_berries,barrel,,,,,,,,
102,发光浆果作物箱,10105,nw:crop_basket,1,,,1,,1,1,,###,#$#,###,glow_berries,barrel,,,,,,,,
103,西瓜作物箱,10106,nw:crop_basket,1,,,1,,1,1,,###,#$#,###,melon_slice,barrel,,,,,,,,
104,一盘牛排,10107,nw:dishes,1,,,,,1,1,,,###,$$$,cooked_beef,smooth_quartz_slab,,,,,,,,
105,一盘猪排,10108,nw:dishes,1,,,,,1,1,,,###,$$$,cooked_porkchop,smooth_quartz_slab,,,,,,,,
106,一盘羊肉,10109,nw:dishes,1,,,,,1,1,,,###,$$$,cooked_mutton,smooth_quartz_slab,,,,,,,,
107,一盘鸡肉,10110,nw:dishes,1,,,,,1,1,,,###,$$$,cooked_chicken,smooth_quartz_slab,,,,,,,,
108,一盘兔肉,10111,nw:dishes,1,,,,,1,1,,,###,$$$,cooked_rabbit,smooth_quartz_slab,,,,,,,,
109,一盘熟鳕鱼,10112,nw:dishes,1,,,,,1,1,,,###,$$$,cooked_cod,smooth_quartz_slab,,,,,,,,
110,一盘熟鲑鱼,10113,nw:dishes,1,,,,,1,1,,,###,$$$,cooked_salmon,smooth_quartz_slab,,,,,,,,
111,一盘面包,10114,nw:dishes,1,,,,,1,1,,,###,$$$,bread,smooth_quartz_slab,,,,,,,,
112,一盘曲奇,10115,nw:dishes,1,,,,,1,1,,,###,$$$,cookie,smooth_quartz_slab,,,,,,,,
113,一盘南瓜派,10116,nw:dishes,1,,,,,1,1,,,###,$$$,pumpkin_pie,smooth_quartz_slab,,,,,,,,
114,一碗蘑菇堡,10117,nw:bowled_dishes,1,,,,,1,1,,,#,$,mushroom_stew,bowl,,,,,,,,
115,一碗甜菜汤,10118,nw:bowled_dishes,1,,,,,1,1,,,#,$,beetroot_soup,bowl,,,,,,,,
116,一碗兔肉煲,10119,nw:bowled_dishes,1,,,,,1,1,,,#,$,rabbit_stew,bowl,,,,,,,,
117,空碗,10120,nw:empty_bowl,1,,,,,1,1,,,$,$,,bowl,,,,,,,,
118,空盘,10121,nw:empty_plate,1,,,,,1,1,,,,$$$,,smooth_quartz_slab,,,,,,,,
119,刀叉,10122,nw:knife_and_fork,1,,,,,1,1,1,,#$,,iron_sword,trident,,,,,,,,
120,壁挂刀架,10123,nw:wall_knife,1,,,,,,1,,$,###,,iron_sword,item_frame,,,,,,,,
121,壁挂厨具架,10124,nw:wall_kitchenware,1,,,,,,1,,$,###,,iron_shovel,item_frame,,,,,,,,
122,壁挂锅架,10125,nw:wall_pan,1,,,,,,1,,$,###,,cauldron,item_frame,,,,,,,,
123,架起的平底锅,10126,nw:pan_set,1,,,,,,1,,,#,$$$,cauldron,iron_bars,,,,,,,,
124,架起的煮锅,10127,nw:pot_set,1,,,,,,1,,#,#,$$$,cauldron,iron_bars,,,,,,,,
125,架起的烤架,10128,nw:grill_set,1,,,,,,1,,,,$$$,,iron_bars,,,,,,,,
126,水瓶,10129,nw:water_bottle,1,,,,,1,1,,,&,#,glass_bottle,,,water_bucket,,,,,,
127,空瓶,10130,nw:empty_bottle,1,,,,,1,1,,,#,#,glass_bottle,,,,,,,,,
128,喷溅水瓶,10131,nw:water_bottle_splash,1,,,,,1,1,,&,$,#,glass_bottle,gunpowder,,water_bucket,,,,,,
129,空的喷溅水瓶,10132,nw:empty_bottle_splash,1,,,,,1,1,,,$,#,glass_bottle,gunpowder,,,,,,,,
130,滞留水瓶,10133,nw:water_bottle_lingering,1,,,,,1,1,,&,$,#,glass_bottle,dragon_breath,,water_bucket,,,,,,
131,空的滞留水瓶,10134,nw:empty_bottle_lingering,1,,,,,1,1,,,$,#,glass_bottle,dragon_breath,,,,,,,,
132,普通水瓶组,10135,nw:water_bottle_group_normal,1,,,,,1,1,,,&,###,glass_bottle,,,water_bucket,,,,,,
133,普通空瓶组,10136,nw:empty_bottle_group_normal,1,,,,,1,1,,,,###,glass_bottle,,,,,,,,,
134,水瓶组,10137,nw:water_bottle_group,1,,,,,1,1,,&,$ %,###,glass_bottle,gunpowder,dragon_breath,water_bucket,,,,,,
135,空瓶组,10138,nw:empty_bottle_group,1,,,,,1,1,,,$ %,###,glass_bottle,gunpowder,dragon_breath,,,,,,,
136,一桶水,10139,nw:water_bucket,1,,,,,1,1,,,$,#,bucket,water_bucket,,,,,,,,
137,空桶,10140,nw:empty_bucket,1,,,,,1,1,,,#,#,bucket,,,,,,,,,
138,一盘烤土豆,10141,nw:dishes,1,,,,,1,1,,,###,$$$,baked_potato,smooth_quartz_slab,,,,,,,,
139,云杉木坐垫椅,11001,nw:chair_cushion,1,,1,1,,1,1,,#,###,$%$,#wool,spruce_planks,stick,,,,,,,
140,去皮云杉木原木椅,11002,nw:chair_stripped_log,1,,1,1,,1,1,,#,###,$%$,stripped_spruce_log,spruce_planks,stick,,,,,,,
141,去皮云杉木原木桌,11003,nw:table_stripped_log,1,1,,1,,,1,,,###,$%$,stripped_spruce_log,spruce_fence,stick,,,,,,,
142,云杉木衬布桌,11004,nw:table_cloth,1,1,,1,,,1,,,###,$%$,#wool,spruce_fence,stick,,,,,,,
143,去皮云杉木原木凳,11005,nw:stool_stripped_log,1,,1,1,,1,1,,,###,$%$,stripped_spruce_log,spruce_slab,stick,,,,,,,
144,云杉木坐垫凳,11006,nw:stool_cushion,1,,1,1,,1,1,,,###,$%$,#wool,spruce_slab,stick,,,,,,,
145,云杉木木板椅,11007,nw:chair_plank,1,,1,1,,1,1,,#,###,$%$,spruce_planks,spruce_planks,stick,,,,,,,
146,云杉木木板桌,11008,nw:table_plank,1,1,,1,,,1,,,###,$%$,spruce_planks,spruce_fence,stick,,,,,,,
147,云杉木木板凳,11009,nw:stool_plank,1,,1,1,,1,1,,,###,$%$,spruce_planks,spruce_slab,stick,,,,,,,
148,去皮云杉木椅,11010,nw:chair_stripped,1,,1,1,,1,1,,#,###,$%$,stripped_spruce_wood,spruce_planks,stick,,,,,,,
149,去皮云杉木桌,11011,nw:table_stripped,1,1,,1,,,1,,,###,$%$,stripped_spruce_wood,spruce_fence,stick,,,,,,,
150,去皮云杉木凳,11012,nw:stool_stripped,1,,1,1,,1,1,,,###,$%$,stripped_spruce_wood,spruce_slab,stick,,,,,,,
151,单腿云杉木衬布桌,11013,nw:table_cloth_oneleg,1,1,,1,,,1,,,###,$,#wool,spruce_fence,,,,,,,,
152,单腿云杉木木板桌,11015,nw:table_plank_oneleg,1,1,,1,,,1,,,###,$,spruce_planks,spruce_fence,,,,,,,,
153,单腿去皮云杉木原木桌,11014,nw:table_stripped_log_oneleg,1,1,,1,,,1,,,###,$,stripped_spruce_log,spruce_fence,,,,,,,,
154,单腿去皮云杉木桌,11016,nw:table_stripped_oneleg,1,1,,1,,,1,,,###,$,stripped_spruce_wood,spruce_fence,,,,,,,,
155,云杉木衬布板,11017,nw:shelf_cloth,1,1,,1,,,1,,###,$$$,,#wool,spruce_slab,,,,,,,,
156,去皮云杉木原木板,11018,nw:shelf_stripped_log,1,1,,1,,,1,,###,$$$,,stripped_spruce_log,spruce_slab,,,,,,,,
157,云杉木板,11019,nw:shelf_plank,1,1,,1,,,1,,###,$$$,,spruce_planks,spruce_slab,,,,,,,,
158,去皮云杉木板,11020,nw:shelf_strpped,1,1,,1,,,1,,###,$$$,,stripped_spruce_wood,spruce_slab,,,,,,,,
159,云杉木衬布支架,11021,nw:wall_shelf_cloth,1,1,,1,,,1,,###,$$$,%$%,#wool,spruce_slab,stick,,,,,,,
160,去皮云杉木原木支架,11022,nw:wall_shelf_stripped_log,1,1,,1,,,1,,###,$$$,%$%,stripped_spruce_log,spruce_slab,stick,,,,,,,
161,云杉木木板支架,11023,nw:wall_shelf_plank,1,1,,1,,,1,,###,$$$,%$%,spruce_planks,spruce_slab,stick,,,,,,,
162,去皮云杉木支架,11024,nw:wall_shelf_strpped,1,1,,1,,,1,,###,$$$,%$%,stripped_spruce_wood,spruce_slab,stick,,,,,,,
163,云杉木扶手坐垫椅,11025,nw:armchair_cushion,1,,1,1,,1,1,,$#$,###,$%$,#wool,spruce_planks,stick,,,,,,,
164,去皮云杉木原木扶手椅,11026,nw:armchair_stripped_log,1,,1,1,,1,1,,$#$,###,$%$,stripped_spruce_log,spruce_planks,stick,,,,,,,
165,云杉木木板扶手椅,11027,nw:armchair_plank,1,,1,1,,1,1,,$#$,###,$%$,spruce_planks,spruce_planks,stick,,,,,,,
166,去皮云杉木扶手椅,11028,nw:armchair_stripped,1,,1,1,,1,1,,$#$,###,$%$,stripped_spruce_wood,spruce_planks,stick,,,,,,,
167,云杉木原木倾斜上支撑,11029,nw:pillar_tilt_up_log,1,,,1,,,,,,,,,,,,,,,,,169
168,云杉木原木支撑,11030,nw:pillar_log,1,,,1,,,1,,# #,#,# #,spruce_log,,,,,,,,,167
169,云杉木原木倾斜下支撑,11031,nw:pillar_tilt_down_log,1,,,1,,,,,,,,,,,,,,,,,168
170,云杉木原木堆,11032,nw:pile_log,1,,,1,,1,1,,,#,###,spruce_log,,,,,,,,,
171,系绳横云杉木原木,11033,nw:roped_horizontal_log,1,,,1,,,1,,$,###,$,spruce_log,lead,,,,,,,,172
172,系绳竖云杉木原木,11034,nw:roped_vertical_log,1,1,,1,,,,,,,,,,,,,,,,,171
173,系绳横去皮云杉木原木,11035,nw:roped_horizontal_stripped_log,1,,,1,,,1,,$,###,$,stripped_spruce_log,lead,,,,,,,,174
174,系绳竖去皮云杉木原木,11036,nw:roped_vertical_stripped_log,1,1,,1,,,,,,,,,,,,,,,,,173
175,去皮云杉木原木倾斜上支撑,11037,nw:pillar_tilt_up_stripped_log,1,,,1,,,,,,,,,,,,,,,,,177
176,去皮云杉木原木支撑,11038,nw:pillar_stripped_log,1,,,1,,,1,,# #,#,# #,stripped_spruce_log,,,,,,,,,175
177,去皮云杉木原木倾斜下支撑,11039,nw:pillar_tilt_down_stripped_log,1,,,1,,,,,,,,,,,,,,,,,176
178,捆扎的云杉木原木堆,11040,nw:roped_pile_log,1,,,1,,1,1,,$,#,###,spruce_log,lead,,,,,,,,
179,云杉木靠背椅,11041,nw:bench_middle,1,,1,1,,,1,,#,###,$$$,stripped_spruce_wood,spruce_slab,,,,,,,,
180,云杉木秋千,11042,nw:bench_swing,1,,1,1,,,1,,#%,###,$$$,stripped_spruce_wood,spruce_slab,lead,,,,,,,
181,云杉木长椅左扶手,11043,nw:bench_left,1,,1,1,,,1,,##,###,$%%,stripped_spruce_wood,spruce_planks,spruce_slab,,,,,,,182
182,云杉木长椅右扶手,11044,nw:bench_right,1,,1,1,,,,,,,,,,,,,,,,,181
183,云杉木坐垫靠背椅,11045,nw:bench_middle_cushion,1,,1,1,,,1,,#,###,$$$,#wool,spruce_slab,,,,,,,,
184,云杉木坐垫秋千,11046,nw:bench_swing_cushion,1,,1,1,,,1,,#%,###,$$$,#wool,spruce_slab,lead,,,,,,,
185,云杉木坐垫长椅左扶手,11047,nw:bench_left_cushion,1,,1,1,,,1,,##,###,$%%,#wool,spruce_planks,spruce_slab,,,,,,,186
186,云杉木坐垫长椅右扶手,11048,nw:bench_right_cushion,1,,1,1,,,,,,,,,,,,,,,,,185
187,系绳云杉木原木单栅栏,11049,nw:roped_fence_log,1,1,,1,,,1,,$,$#$,$%,spruce_log,spruce_fence,lead,,,,,,,188
188,系绳云杉木原木单向栅栏,11050,nw:roped_fence_single_end_log,1,1,,1,,,,,,,,,,,,,,,,,189
189,系绳云杉木原木双向栅栏,11051,nw:roped_fence_double_end_log,1,1,,1,,,,,,,,,,,,,,,,,190
190,系绳云杉木原木三向栅栏,11052,nw:roped_fence_triple_end_log,1,1,,1,,,,,,,,,,,,,,,,,191
191,系绳云杉木原木对向栅栏,11053,nw:roped_fence_opposite_end_log,1,1,,1,,,,,,,,,,,,,,,,,192
192,系绳云杉木原木四向栅栏,11054,nw:roped_fence_quadruple_end_log,1,1,,1,,,,,,,,,,,,,,,,,187
193,系绳去皮云杉木原木单栅栏,11055,nw:roped_fence_stripped_log,1,1,,1,,,1,,$,$#$,$%,stripped_spruce_log,spruce_fence,lead,,,,,,,194
194,系绳去皮云杉木原木单向栅栏,11056,nw:roped_fence_single_end_stripped_log,1,1,,1,,,,,,,,,,,,,,,,,195
195,系绳去皮云杉木原木双向栅栏,11057,nw:roped_fence_double_end_stripped_log,1,1,,1,,,,,,,,,,,,,,,,,196
196,系绳去皮云杉木原木三向栅栏,11058,nw:roped_fence_triple_end_stripped_log,1,1,,1,,,,,,,,,,,,,,,,,197
197,系绳去皮云杉木原木对向栅栏,11059,nw:roped_fence_opposite_end_stripped_log,1,1,,1,,,,,,,,,,,,,,,,,198
198,系绳去皮云杉木原木四向栅栏,11060,nw:roped_fence_quadruple_end_stripped_log,1,1,,1,,,,,,,,,,,,,,,,,193
199,云杉木原木单栅栏,11061,nw:fence_log,1,1,,1,,,1,,$,$#$,$,spruce_log,spruce_fence,,,,,,,,200
200,云杉木原木单向栅栏,11062,nw:fence_single_end_log,1,1,,1,,,,,,,,,,,,,,,,,201
201,云杉木原木双向栅栏,11063,nw:fence_double_end_log,1,1,,1,,,,,,,,,,,,,,,,,202
202,云杉木原木三向栅栏,11064,nw:fence_triple_end_log,1,1,,1,,,,,,,,,,,,,,,,,203
203,云杉木原木对向栅栏,11065,nw:fence_opposite_end_log,1,1,,1,,,,,,,,,,,,,,,,,204
204,云杉木原木四向栅栏,11066,nw:fence_quadruple_end_log,1,1,,1,,,,,,,,,,,,,,,,,199
205,去皮云杉木原木单栅栏,11067,nw:fence_stripped_log,1,1,,1,,,1,,$,$#$,$,stripped_spruce_log,spruce_fence,,,,,,,,206
206,去皮云杉木原木单向栅栏,11068,nw:fence_single_end_stripped_log,1,1,,1,,,,,,,,,,,,,,,,,207
207,去皮云杉木原木双向栅栏,11069,nw:fence_double_end_stripped_log,1,1,,1,,,,,,,,,,,,,,,,,208
208,去皮云杉木原木三向栅栏,11070,nw:fence_triple_end_stripped_log,1,1,,1,,,,,,,,,,,,,,,,,209
209,去皮云杉木原木对向栅栏,11071,nw:fence_opposite_end_stripped_log,1,1,,1,,,,,,,,,,,,,,,,,210
210,去皮云杉木原木四向栅栏,11072,nw:fence_quadruple_end_stripped_log,1,1,,1,,,,,,,,,,,,,,,,,205
211,云杉木双扶手,11073,nw:handrail_double,1,,,,,,1,,# #,$ $,% %,stripped_spruce_wood,spruce_planks,stick,,,,,,,
212,云杉木右扶手,11074,nw:handrail_right,1,,,,,,1,,#%,$%,%,stripped_spruce_wood,spruce_planks,stick,,,,,,,213
213,云杉木左扶手,11075,nw:handrail_left,1,,,,,,,,,,,,,,,,,,,,212
214,云杉木软垫双扶手,11076,nw:handrail_double_cushion,1,,,,,,1,,# #,$%$,% %,#wool,spruce_planks,stick,,,,,,,
215,云杉木软垫右扶手,11077,nw:handrail_right_cushion,1,,,,,,1,,#%,$%,%,#wool,spruce_planks,stick,,,,,,,216
216,云杉木软垫左扶手,11078,nw:handrail_left_cushion,1,,,,,,,,,,,,,,,,,,,,215
217,云杉木酒吧门,11079,nw:bar_gate,,,,1,,,1,,,$#$,,spruce_door,stripped_spruce_wood,,,,,,,,
218,云杉木木质花盆,11081,nw:wooden_pot,1,,,1,,,1,,# #,#$#,###,stripped_spruce_log,podzol,,,,,,,,
219,云杉木小树,11082,nw:small_tree,1,,,1,,,1,,$$$,$#$,#,spruce_log,spruce_leaves,,,,,,,,
220,云杉木双色遮阳棚,11087,nw:dual_color_parasol,1,,,,,,1,,###,$ $,% %,#wool_carpets,spruce_slab,stick,,,,,,,
221,白桦木坐垫椅,12001,nw:chair_cushion,1,,1,1,,1,1,,#,###,$%$,#wool,birch_planks,stick,,,,,,,
222,去皮白桦木原木椅,12002,nw:chair_stripped_log,1,,1,1,,1,1,,#,###,$%$,stripped_birch_log,birch_planks,stick,,,,,,,
223,去皮白桦木原木桌,12003,nw:table_stripped_log,1,1,,1,,,1,,,###,$%$,stripped_birch_log,birch_fence,stick,,,,,,,
224,白桦木衬布桌,12004,nw:table_cloth,1,1,,1,,,1,,,###,$%$,#wool,birch_fence,stick,,,,,,,
225,去皮白桦木原木凳,12005,nw:stool_stripped_log,1,,1,1,,1,1,,,###,$%$,stripped_birch_log,birch_slab,stick,,,,,,,
226,白桦木坐垫凳,12006,nw:stool_cushion,1,,1,1,,1,1,,,###,$%$,#wool,birch_slab,stick,,,,,,,
227,白桦木木板椅,12007,nw:chair_plank,1,,1,1,,1,1,,#,###,$%$,birch_planks,birch_planks,stick,,,,,,,
228,白桦木木板桌,12008,nw:table_plank,1,1,,1,,,1,,,###,$%$,birch_planks,birch_fence,stick,,,,,,,
229,白桦木木板凳,12009,nw:stool_plank,1,,1,1,,1,1,,,###,$%$,birch_planks,birch_slab,stick,,,,,,,
230,去皮白桦木椅,12010,nw:chair_stripped,1,,1,1,,1,1,,#,###,$%$,stripped_birch_wood,birch_planks,stick,,,,,,,
231,去皮白桦木桌,12011,nw:table_stripped,1,1,,1,,,1,,,###,$%$,stripped_birch_wood,birch_fence,stick,,,,,,,
232,去皮白桦木凳,12012,nw:stool_stripped,1,,1,1,,1,1,,,###,$%$,stripped_birch_wood,birch_slab,stick,,,,,,,
233,单腿白桦木衬布桌,12013,nw:table_cloth_oneleg,1,1,,1,,,1,,,###,$,#wool,birch_fence,,,,,,,,
234,单腿白桦木木板桌,12015,nw:table_plank_oneleg,1,1,,1,,,1,,,###,$,birch_planks,birch_fence,,,,,,,,
235,单腿去皮白桦木原木桌,12014,nw:table_stripped_log_oneleg,1,1,,1,,,1,,,###,$,stripped_birch_log,birch_fence,,,,,,,,
236,单腿去皮白桦木桌,12016,nw:table_stripped_oneleg,1,1,,1,,,1,,,###,$,stripped_birch_wood,birch_fence,,,,,,,,
237,白桦木衬布板,12017,nw:shelf_cloth,1,1,,1,,,1,,###,$$$,,#wool,birch_slab,,,,,,,,
238,去皮白桦木原木板,12018,nw:shelf_stripped_log,1,1,,1,,,1,,###,$$$,,stripped_birch_log,birch_slab,,,,,,,,
239,白桦木板,12019,nw:shelf_plank,1,1,,1,,,1,,###,$$$,,birch_planks,birch_slab,,,,,,,,
240,去皮白桦木板,12020,nw:shelf_strpped,1,1,,1,,,1,,###,$$$,,stripped_birch_wood,birch_slab,,,,,,,,
241,白桦木衬布支架,12021,nw:wall_shelf_cloth,1,1,,1,,,1,,###,$$$,%$%,#wool,birch_slab,stick,,,,,,,
242,去皮白桦木原木支架,12022,nw:wall_shelf_stripped_log,1,1,,1,,,1,,###,$$$,%$%,stripped_birch_log,birch_slab,stick,,,,,,,
243,白桦木木板支架,12023,nw:wall_shelf_plank,1,1,,1,,,1,,###,$$$,%$%,birch_planks,birch_slab,stick,,,,,,,
244,去皮白桦木支架,12024,nw:wall_shelf_strpped,1,1,,1,,,1,,###,$$$,%$%,stripped_birch_wood,birch_slab,stick,,,,,,,
245,白桦木扶手坐垫椅,12025,nw:armchair_cushion,1,,1,1,,1,1,,$#$,###,$%$,#wool,birch_planks,stick,,,,,,,
246,去皮白桦木原木扶手椅,12026,nw:armchair_stripped_log,1,,1,1,,1,1,,$#$,###,$%$,stripped_birch_log,birch_planks,stick,,,,,,,
247,白桦木木板扶手椅,12027,nw:armchair_plank,1,,1,1,,1,1,,$#$,###,$%$,birch_planks,birch_planks,stick,,,,,,,
248,去皮白桦木扶手椅,12028,nw:armchair_stripped,1,,1,1,,1,1,,$#$,###,$%$,stripped_birch_wood,birch_planks,stick,,,,,,,
249,白桦木原木倾斜上支撑,12029,nw:pillar_tilt_up_log,1,,,1,,,,,,,,,,,,,,,,,251
250,白桦木原木支撑,12030,nw:pillar_log,1,,,1,,,1,,# #,#,# #,birch_log,,,,,,,,,249
251,白桦木原木倾斜下支撑,12031,nw:pillar_tilt_down_log,1,,,1,,,,,,,,,,,,,,,,,250
252,白桦木原木堆,12032,nw:pile_log,1,,,1,,1,1,,,#,###,birch_log,,,,,,,,,
253,系绳横白桦木原木,12033,nw:roped_horizontal_log,1,,,1,,,1,,$,###,$,birch_log,lead,,,,,,,,254
254,系绳竖白桦木原木,12034,nw:roped_vertical_log,1,1,,1,,,,,,,,,,,,,,,,,253
255,系绳横去皮白桦木原木,12035,nw:roped_horizontal_stripped_log,1,,,1,,,1,,$,###,$,stripped_birch_log,lead,,,,,,,,256
256,系绳竖去皮白桦木原木,12036,nw:roped_vertical_stripped_log,1,1,,1,,,,,,,,,,,,,,,,,255
257,去皮白桦木原木倾斜上支撑,12037,nw:pillar_tilt_up_stripped_log,1,,,1,,,,,,,,,,,,,,,,,259
258,去皮白桦木原木支撑,12038,nw:pillar_stripped_log,1,,,1,,,1,,# #,#,# #,stripped_birch_log,,,,,,,,,257
259,去皮白桦木原木倾斜下支撑,12039,nw:pillar_tilt_down_stripped_log,1,,,1,,,,,,,,,,,,,,,,,258
260,捆扎的白桦木原木堆,12040,nw:roped_pile_log,1,,,1,,1,1,,$,#,###,birch_log,lead,,,,,,,,
261,白桦木靠背椅,12041,nw:bench_middle,1,,1,1,,,1,,#,###,$$$,stripped_birch_wood,birch_slab,,,,,,,,
262,白桦木秋千,12042,nw:bench_swing,1,,1,1,,,1,,#%,###,$$$,stripped_birch_wood,birch_slab,lead,,,,,,,
263,白桦木长椅左扶手,12043,nw:bench_left,1,,1,1,,,1,,##,###,$%%,stripped_birch_wood,birch_planks,birch_slab,,,,,,,264
264,白桦木长椅右扶手,12044,nw:bench_right,1,,1,1,,,,,,,,,,,,,,,,,263
265,白桦木坐垫靠背椅,12045,nw:bench_middle_cushion,1,,1,1,,,1,,#,###,$$$,#wool,birch_slab,,,,,,,,
266,白桦木坐垫秋千,12046,nw:bench_swing_cushion,1,,1,1,,,1,,#%,###,$$$,#wool,birch_slab,lead,,,,,,,
267,白桦木坐垫长椅左扶手,12047,nw:bench_left_cushion,1,,1,1,,,1,,##,###,$%%,#wool,birch_planks,birch_slab,,,,,,,268
268,白桦木坐垫长椅右扶手,12048,nw:bench_right_cushion,1,,1,1,,,,,,,,,,,,,,,,,267
269,系绳白桦木原木单栅栏,12049,nw:roped_fence_log,1,1,,1,,,1,,$,$#$,$%,birch_log,birch_fence,lead,,,,,,,270
270,系绳白桦木原木单向栅栏,12050,nw:roped_fence_single_end_log,1,1,,1,,,,,,,,,,,,,,,,,271
271,系绳白桦木原木双向栅栏,12051,nw:roped_fence_double_end_log,1,1,,1,,,,,,,,,,,,,,,,,272
272,系绳白桦木原木三向栅栏,12052,nw:roped_fence_triple_end_log,1,1,,1,,,,,,,,,,,,,,,,,273
273,系绳白桦木原木对向栅栏,12053,nw:roped_fence_opposite_end_log,1,1,,1,,,,,,,,,,,,,,,,,274
274,系绳白桦木原木四向栅栏,12054,nw:roped_fence_quadruple_end_log,1,1,,1,,,,,,,,,,,,,,,,,269
275,系绳去皮白桦木原木单栅栏,12055,nw:roped_fence_stripped_log,1,1,,1,,,1,,$,$#$,$%,stripped_birch_log,birch_fence,lead,,,,,,,276
276,系绳去皮白桦木原木单向栅栏,12056,nw:roped_fence_single_end_stripped_log,1,1,,1,,,,,,,,,,,,,,,,,277
277,系绳去皮白桦木原木双向栅栏,12057,nw:roped_fence_double_end_stripped_log,1,1,,1,,,,,,,,,,,,,,,,,278
278,系绳去皮白桦木原木三向栅栏,12058,nw:roped_fence_triple_end_stripped_log,1,1,,1,,,,,,,,,,,,,,,,,279
279,系绳去皮白桦木原木对向栅栏,12059,nw:roped_fence_opposite_end_stripped_log,1,1,,1,,,,,,,,,,,,,,,,,280
280,系绳去皮白桦木原木四向栅栏,12060,nw:roped_fence_quadruple_end_stripped_log,1,1,,1,,,,,,,,,,,,,,,,,275
281,白桦木原木单栅栏,12061,nw:fence_log,1,1,,1,,,1,,$,$#$,$,birch_log,birch_fence,,,,,,,,282
282,白桦木原木单向栅栏,12062,nw:fence_single_end_log,1,1,,1,,,,,,,,,,,,,,,,,283
283,白桦木原木双向栅栏,12063,nw:fence_double_end_log,1,1,,1,,,,,,,,,,,,,,,,,284
284,白桦木原木三向栅栏,12064,nw:fence_triple_end_log,1,1,,1,,,,,,,,,,,,,,,,,285
285,白桦木原木对向栅栏,12065,nw:fence_opposite_end_log,1,1,,1,,,,,,,,,,,,,,,,,286
286,白桦木原木四向栅栏,12066,nw:fence_quadruple_end_log,1,1,,1,,,,,,,,,,,,,,,,,281
287,去皮白桦木原木单栅栏,12067,nw:fence_stripped_log,1,1,,1,,,1,,$,$#$,$,stripped_birch_log,birch_fence,,,,,,,,288
288,去皮白桦木原木单向栅栏,12068,nw:fence_single_end_stripped_log,1,1,,1,,,,,,,,,,,,,,,,,289
289,去皮白桦木原木双向栅栏,12069,nw:fence_double_end_stripped_log,1,1,,1,,,,,,,,,,,,,,,,,290
290,去皮白桦木原木三向栅栏,12070,nw:fence_triple_end_stripped_log,1,1,,1,,,,,,,,,,,,,,,,,291
291,去皮白桦木原木对向栅栏,12071,nw:fence_opposite_end_stripped_log,1,1,,1,,,,,,,,,,,,,,,,,292
292,去皮白桦木原木四向栅栏,12072,nw:fence_quadruple_end_stripped_log,1,1,,1,,,,,,,,,,,,,,,,,287
293,白桦木双扶手,12073,nw:handrail_double,1,,,,,,1,,# #,$ $,% %,stripped_birch_wood,birch_planks,stick,,,,,,,
294,白桦木右扶手,12074,nw:handrail_right,1,,,,,,1,,#%,$%,%,stripped_birch_wood,birch_planks,stick,,,,,,,295
295,白桦木左扶手,12075,nw:handrail_left,1,,,,,,,,,,,,,,,,,,,,294
296,白桦木软垫双扶手,12076,nw:handrail_double_cushion,1,,,,,,1,,# #,$%$,% %,#wool,birch_planks,stick,,,,,,,
297,白桦木软垫右扶手,12077,nw:handrail_right_cushion,1,,,,,,1,,#%,$%,%,#wool,birch_planks,stick,,,,,,,298
298,白桦木软垫左扶手,12078,nw:handrail_left_cushion,1,,,,,,,,,,,,,,,,,,,,297
299,白桦木酒吧门,12079,nw:bar_gate,,,,1,,,1,,,$#$,,birch_door,stripped_birch_wood,,,,,,,,
300,白桦木木质花盆,12081,nw:wooden_pot,1,,,1,,,1,,# #,#$#,###,stripped_birch_log,podzol,,,,,,,,
301,白桦木小树,12082,nw:small_tree,1,,,1,,,1,,$$$,$#$,#,birch_log,birch_leaves,,,,,,,,
302,白桦木双色遮阳棚,12087,nw:dual_color_parasol,1,,,,,,1,,###,$ $,% %,#wool_carpets,birch_slab,stick,,,,,,,
303,丛林木坐垫椅,13001,nw:chair_cushion,1,,1,1,,1,1,,#,###,$%$,#wool,jungle_planks,stick,,,,,,,
304,去皮丛林木原木椅,13002,nw:chair_stripped_log,1,,1,1,,1,1,,#,###,$%$,stripped_jungle_log,jungle_planks,stick,,,,,,,
305,去皮丛林木原木桌,13003,nw:table_stripped_log,1,1,,1,,,1,,,###,$%$,stripped_jungle_log,jungle_fence,stick,,,,,,,
306,丛林木衬布桌,13004,nw:table_cloth,1,1,,1,,,1,,,###,$%$,#wool,jungle_fence,stick,,,,,,,
307,去皮丛林木原木凳,13005,nw:stool_stripped_log,1,,1,1,,1,1,,,###,$%$,stripped_jungle_log,jungle_slab,stick,,,,,,,
308,丛林木坐垫凳,13006,nw:stool_cushion,1,,1,1,,1,1,,,###,$%$,#wool,jungle_slab,stick,,,,,,,
309,丛林木木板椅,13007,nw:chair_plank,1,,1,1,,1,1,,#,###,$%$,jungle_planks,jungle_planks,stick,,,,,,,
310,丛林木木板桌,13008,nw:table_plank,1,1,,1,,,1,,,###,$%$,jungle_planks,jungle_fence,stick,,,,,,,
311,丛林木木板凳,13009,nw:stool_plank,1,,1,1,,1,1,,,###,$%$,jungle_planks,jungle_slab,stick,,,,,,,
312,去皮丛林木椅,13010,nw:chair_stripped,1,,1,1,,1,1,,#,###,$%$,stripped_jungle_wood,jungle_planks,stick,,,,,,,
313,去皮丛林木桌,13011,nw:table_stripped,1,1,,1,,,1,,,###,$%$,stripped_jungle_wood,jungle_fence,stick,,,,,,,
314,去皮丛林木凳,13012,nw:stool_stripped,1,,1,1,,1,1,,,###,$%$,stripped_jungle_wood,jungle_slab,stick,,,,,,,
315,单腿丛林木衬布桌,13013,nw:table_cloth_oneleg,1,1,,1,,,1,,,###,$,#wool,jungle_fence,,,,,,,,
316,单腿丛林木木板桌,13015,nw:table_plank_oneleg,1,1,,1,,,1,,,###,$,jungle_planks,jungle_fence,,,,,,,,
317,单腿去皮丛林木原木桌,13014,nw:table_stripped_log_oneleg,1,1,,1,,,1,,,###,$,stripped_jungle_log,jungle_fence,,,,,,,,
318,单腿去皮丛林木桌,13016,nw:table_stripped_oneleg,1,1,,1,,,1,,,###,$,stripped_jungle_wood,jungle_fence,,,,,,,,
319,丛林木衬布板,13017,nw:shelf_cloth,1,1,,1,,,1,,###,$$$,,#wool,jungle_slab,,,,,,,,
320,去皮丛林木原木板,13018,nw:shelf_stripped_log,1,1,,1,,,1,,###,$$$,,stripped_jungle_log,jungle_slab,,,,,,,,
321,丛林木板,13019,nw:shelf_plank,1,1,,1,,,1,,###,$$$,,jungle_planks,jungle_slab,,,,,,,,
322,去皮丛林木板,13020,nw:shelf_strpped,1,1,,1,,,1,,###,$$$,,stripped_jungle_wood,jungle_slab,,,,,,,,
323,丛林木衬布支架,13021,nw:wall_shelf_cloth,1,1,,1,,,1,,###,$$$,%$%,#wool,jungle_slab,stick,,,,,,,
324,去皮丛林木原木支架,13022,nw:wall_shelf_stripped_log,1,1,,1,,,1,,###,$$$,%$%,stripped_jungle_log,jungle_slab,stick,,,,,,,
325,丛林木木板支架,13023,nw:wall_shelf_plank,1,1,,1,,,1,,###,$$$,%$%,jungle_planks,jungle_slab,stick,,,,,,,
326,去皮丛林木支架,13024,nw:wall_shelf_strpped,1,1,,1,,,1,,###,$$$,%$%,stripped_jungle_wood,jungle_slab,stick,,,,,,,
327,丛林木扶手坐垫椅,13025,nw:armchair_cushion,1,,1,1,,1,1,,$#$,###,$%$,#wool,jungle_planks,stick,,,,,,,
328,去皮丛林木原木扶手椅,13026,nw:armchair_stripped_log,1,,1,1,,1,1,,$#$,###,$%$,stripped_jungle_log,jungle_planks,stick,,,,,,,
329,丛林木木板扶手椅,13027,nw:armchair_plank,1,,1,1,,1,1,,$#$,###,$%$,jungle_planks,jungle_planks,stick,,,,,,,
330,去皮丛林木扶手椅,13028,nw:armchair_stripped,1,,1,1,,1,1,,$#$,###,$%$,stripped_jungle_wood,jungle_planks,stick,,,,,,,
331,丛林木原木倾斜上支撑,13029,nw:pillar_tilt_up_log,1,,,1,,,,,,,,,,,,,,,,,333
332,丛林木原木支撑,13030,nw:pillar_log,1,,,1,,,1,,# #,#,# #,jungle_log,,,,,,,,,331
333,丛林木原木倾斜下支撑,13031,nw:pillar_tilt_down_log,1,,,1,,,,,,,,,,,,,,,,,332
334,丛林木原木堆,13032,nw:pile_log,1,,,1,,1,1,,,#,###,jungle_log,,,,,,,,,
335,系绳横丛林木原木,13033,nw:roped_horizontal_log,1,,,1,,,1,,$,###,$,jungle_log,lead,,,,,,,,336
336,系绳竖丛林木原木,13034,nw:roped_vertical_log,1,1,,1,,,,,,,,,,,,,,,,,335
337,系绳横去皮丛林木原木,13035,nw:roped_horizontal_stripped_log,1,,,1,,,1,,$,###,$,stripped_jungle_log,lead,,,,,,,,338
338,系绳竖去皮丛林木原木,13036,nw:roped_vertical_stripped_log,1,1,,1,,,,,,,,,,,,,,,,,337
339,去皮丛林木原木倾斜上支撑,13037,nw:pillar_tilt_up_stripped_log,1,,,1,,,,,,,,,,,,,,,,,341
340,去皮丛林木原木支撑,13038,nw:pillar_stripped_log,1,,,1,,,1,,# #,#,# #,stripped_jungle_log,,,,,,,,,339
341,去皮丛林木原木倾斜下支撑,13039,nw:pillar_tilt_down_stripped_log,1,,,1,,,,,,,,,,,,,,,,,340
342,捆扎的丛林木原木堆,13040,nw:roped_pile_log,1,,,1,,1,1,,$,#,###,jungle_log,lead,,,,,,,,
343,丛林木靠背椅,13041,nw:bench_middle,1,,1,1,,,1,,#,###,$$$,stripped_jungle_wood,jungle_slab,,,,,,,,
344,丛林木秋千,13042,nw:bench_swing,1,,1,1,,,1,,#%,###,$$$,stripped_jungle_wood,jungle_slab,lead,,,,,,,
345,丛林木长椅左扶手,13043,nw:bench_left,1,,1,1,,,1,,##,###,$%%,stripped_jungle_wood,jungle_planks,jungle_slab,,,,,,,346
346,丛林木长椅右扶手,13044,nw:bench_right,1,,1,1,,,,,,,,,,,,,,,,,345
347,丛林木坐垫靠背椅,13045,nw:bench_middle_cushion,1,,1,1,,,1,,#,###,$$$,#wool,jungle_slab,,,,,,,,
348,丛林木坐垫秋千,13046,nw:bench_swing_cushion,1,,1,1,,,1,,#%,###,$$$,#wool,jungle_slab,lead,,,,,,,
349,丛林木坐垫长椅左扶手,13047,nw:bench_left_cushion,1,,1,1,,,1,,##,###,$%%,#wool,jungle_planks,jungle_slab,,,,,,,350
350,丛林木坐垫长椅右扶手,13048,nw:bench_right_cushion,1,,1,1,,,,,,,,,,,,,,,,,349
351,系绳丛林木原木单栅栏,13049,nw:roped_fence_log,1,1,,1,,,1,,$,$#$,$%,jungle_log,jungle_fence,lead,,,,,,,352
352,系绳丛林木原木单向栅栏,13050,nw:roped_fence_single_end_log,1,1,,1,,,,,,,,,,,,,,,,,353
353,系绳丛林木原木双向栅栏,13051,nw:roped_fence_double_end_log,1,1,,1,,,,,,,,,,,,,,,,,354
354,系绳丛林木原木三向栅栏,13052,nw:roped_fence_triple_end_log,1,1,,1,,,,,,,,,,,,,,,,,355
355,系绳丛林木原木对向栅栏,13053,nw:roped_fence_opposite_end_log,1,1,,1,,,,,,,,,,,,,,,,,356
356,系绳丛林木原木四向栅栏,13054,nw:roped_fence_quadruple_end_log,1,1,,1,,,,,,,,,,,,,,,,,351
357,系绳去皮丛林木原木单栅栏,13055,nw:roped_fence_stripped_log,1,1,,1,,,1,,$,$#$,$%,stripped_jungle_log,jungle_fence,lead,,,,,,,358
358,系绳去皮丛林木原木单向栅栏,13056,nw:roped_fence_single_end_stripped_log,1,1,,1,,,,,,,,,,,,,,,,,359
359,系绳去皮丛林木原木双向栅栏,13057,nw:roped_fence_double_end_stripped_log,1,1,,1,,,,,,,,,,,,,,,,,360
360,系绳去皮丛林木原木三向栅栏,13058,nw:roped_fence_triple_end_stripped_log,1,1,,1,,,,,,,,,,,,,,,,,361
361,系绳去皮丛林木原木对向栅栏,13059,nw:roped_fence_opposite_end_stripped_log,1,1,,1,,,,,,,,,,,,,,,,,362
362,系绳去皮丛林木原木四向栅栏,13060,nw:roped_fence_quadruple_end_stripped_log,1,1,,1,,,,,,,,,,,,,,,,,357
363,丛林木原木单栅栏,13061,nw:fence_log,1,1,,1,,,1,,$,$#$,$,jungle_log,jungle_fence,,,,,,,,364
364,丛林木原木单向栅栏,13062,nw:fence_single_end_log,1,1,,1,,,,,,,,,,,,,,,,,365
365,丛林木原木双向栅栏,13063,nw:fence_double_end_log,1,1,,1,,,,,,,,,,,,,,,,,366
366,丛林木原木三向栅栏,13064,nw:fence_triple_end_log,1,1,,1,,,,,,,,,,,,,,,,,367
367,丛林木原木对向栅栏,13065,nw:fence_opposite_end_log,1,1,,1,,,,,,,,,,,,,,,,,368
368,丛林木原木四向栅栏,13066,nw:fence_quadruple_end_log,1,1,,1,,,,,,,,,,,,,,,,,363
369,去皮丛林木原木单栅栏,13067,nw:fence_stripped_log,1,1,,1,,,1,,$,$#$,$,stripped_jungle_log,jungle_fence,,,,,,,,370
370,去皮丛林木原木单向栅栏,13068,nw:fence_single_end_stripped_log,1,1,,1,,,,,,,,,,,,,,,,,371
371,去皮丛林木原木双向栅栏,13069,nw:fence_double_end_stripped_log,1,1,,1,,,,,,,,,,,,,,,,,372
372,去皮丛林木原木三向栅栏,13070,nw:fence_triple_end_stripped_log,1,1,,1,,,,,,,,,,,,,,,,,373
373,去皮丛林木原木对向栅栏,13071,nw:fence_opposite_end_stripped_log,1,1,,1,,,,,,,,,,,,,,,,,374
374,去皮丛林木原木四向栅栏,13072,nw:fence_quadruple_end_stripped_log,1,1,,1,,,,,,,,,,,,,,,,,369
375,丛林木双扶手,13073,nw:handrail_double,1,,,,,,1,,# #,$ $,% %,stripped_jungle_wood,jungle_planks,stick,,,,,,,
376,丛林木右扶手,13074,nw:handrail_right,1,,,,,,1,,#%,$%,%,stripped_jungle_wood,jungle_planks,stick,,,,,,,377
377,丛林木左扶手,13075,nw:handrail_left,1,,,,,,,,,,,,,,,,,,,,376
378,丛林木软垫双扶手,13076,nw:handrail_double_cushion,1,,,,,,1,,# #,$%$,% %,#wool,jungle_planks,stick,,,,,,,
379,丛林木软垫右扶手,13077,nw:handrail_right_cushion,1,,,,,,1,,#%,$%,%,#wool,jungle_planks,stick,,,,,,,380
380,丛林木软垫左扶手,13078,nw:handrail_left_cushion,1,,,,,,,,,,,,,,,,,,,,379
381,丛林木酒吧门,13079,nw:bar_gate,,,,1,,,1,,,$#$,,jungle_door,stripped_jungle_wood,,,,,,,,
382,丛林木木质花盆,13081,nw:wooden_pot,1,,,1,,,1,,# #,#$#,###,stripped_jungle_log,podzol,,,,,,,,
383,丛林木小树,13082,nw:small_tree,1,,,1,,,1,,$$$,$#$,#,jungle_log,jungle_leaves,,,,,,,,
384,丛林木双色遮阳棚,13087,nw:dual_color_parasol,1,,,,,,1,,###,$ $,% %,#wool_carpets,jungle_slab,stick,,,,,,,
385,金合欢木坐垫椅,14001,nw:chair_cushion,1,,1,1,,1,1,,#,###,$%$,#wool,acacia_planks,stick,,,,,,,
386,去皮金合欢木原木椅,14002,nw:chair_stripped_log,1,,1,1,,1,1,,#,###,$%$,stripped_acacia_log,acacia_planks,stick,,,,,,,
387,去皮金合欢木原木桌,14003,nw:table_stripped_log,1,1,,1,,,1,,,###,$%$,stripped_acacia_log,acacia_fence,stick,,,,,,,
388,金合欢木衬布桌,14004,nw:table_cloth,1,1,,1,,,1,,,###,$%$,#wool,acacia_fence,stick,,,,,,,
389,去皮金合欢木原木凳,14005,nw:stool_stripped_log,1,,1,1,,1,1,,,###,$%$,stripped_acacia_log,acacia_slab,stick,,,,,,,
390,金合欢木坐垫凳,14006,nw:stool_cushion,1,,1,1,,1,1,,,###,$%$,#wool,acacia_slab,stick,,,,,,,
391,金合欢木木板椅,14007,nw:chair_plank,1,,1,1,,1,1,,#,###,$%$,acacia_planks,acacia_planks,stick,,,,,,,
392,金合欢木木板桌,14008,nw:table_plank,1,1,,1,,,1,,,###,$%$,acacia_planks,acacia_fence,stick,,,,,,,
393,金合欢木木板凳,14009,nw:stool_plank,1,,1,1,,1,1,,,###,$%$,acacia_planks,acacia_slab,stick,,,,,,,
394,去皮金合欢木椅,14010,nw:chair_stripped,1,,1,1,,1,1,,#,###,$%$,stripped_acacia_wood,acacia_planks,stick,,,,,,,
395,去皮金合欢木桌,14011,nw:table_stripped,1,1,,1,,,1,,,###,$%$,stripped_acacia_wood,acacia_fence,stick,,,,,,,
396,去皮金合欢木凳,14012,nw:stool_stripped,1,,1,1,,1,1,,,###,$%$,stripped_acacia_wood,acacia_slab,stick,,,,,,,
397,单腿金合欢木衬布桌,14013,nw:table_cloth_oneleg,1,1,,1,,,1,,,###,$,#wool,acacia_fence,,,,,,,,
398,单腿金合欢木木板桌,14015,nw:table_plank_oneleg,1,1,,1,,,1,,,###,$,acacia_planks,acacia_fence,,,,,,,,
399,单腿去皮金合欢木原木桌,14014,nw:table_stripped_log_oneleg,1,1,,1,,,1,,,###,$,stripped_acacia_log,acacia_fence,,,,,,,,
400,单腿去皮金合欢木桌,14016,nw:table_stripped_oneleg,1,1,,1,,,1,,,###,$,stripped_acacia_wood,acacia_fence,,,,,,,,
401,金合欢木衬布板,14017,nw:shelf_cloth,1,1,,1,,,1,,###,$$$,,#wool,acacia_slab,,,,,,,,
402,去皮金合欢木原木板,14018,nw:shelf_stripped_log,1,1,,1,,,1,,###,$$$,,stripped_acacia_log,acacia_slab,,,,,,,,
403,金合欢木板,14019,nw:shelf_plank,1,1,,1,,,1,,###,$$$,,acacia_planks,acacia_slab,,,,,,,,
404,去皮金合欢木板,14020,nw:shelf_strpped,1,1,,1,,,1,,###,$$$,,stripped_acacia_wood,acacia_slab,,,,,,,,
405,金合欢木衬布支架,14021,nw:wall_shelf_cloth,1,1,,1,,,1,,###,$$$,%$%,#wool,acacia_slab,stick,,,,,,,
406,去皮金合欢木原木支架,14022,nw:wall_shelf_stripped_log,1,1,,1,,,1,,###,$$$,%$%,stripped_acacia_log,acacia_slab,stick,,,,,,,
407,金合欢木木板支架,14023,nw:wall_shelf_plank,1,1,,1,,,1,,###,$$$,%$%,acacia_planks,acacia_slab,stick,,,,,,,
408,去皮金合欢木支架,14024,nw:wall_shelf_strpped,1,1,,1,,,1,,###,$$$,%$%,stripped_acacia_wood,acacia_slab,stick,,,,,,,
409,金合欢木扶手坐垫椅,14025,nw:armchair_cushion,1,,1,1,,1,1,,$#$,###,$%$,#wool,acacia_planks,stick,,,,,,,
410,去皮金合欢木原木扶手椅,14026,nw:armchair_stripped_log,1,,1,1,,1,1,,$#$,###,$%$,stripped_acacia_log,acacia_planks,stick,,,,,,,
411,金合欢木木板扶手椅,14027,nw:armchair_plank,1,,1,1,,1,1,,$#$,###,$%$,acacia_planks,acacia_planks,stick,,,,,,,
412,去皮金合欢木扶手椅,14028,nw:armchair_stripped,1,,1,1,,1,1,,$#$,###,$%$,stripped_acacia_wood,acacia_planks,stick,,,,,,,
413,金合欢木原木倾斜上支撑,14029,nw:pillar_tilt_up_log,1,,,1,,,,,,,,,,,,,,,,,415
414,金合欢木原木支撑,14030,nw:pillar_log,1,,,1,,,1,,# #,#,# #,acacia_log,,,,,,,,,413
415,金合欢木原木倾斜下支撑,14031,nw:pillar_tilt_down_log,1,,,1,,,,,,,,,,,,,,,,,414
416,金合欢木原木堆,14032,nw:pile_log,1,,,1,,1,1,,,#,###,acacia_log,,,,,,,,,
417,系绳横金合欢木原木,14033,nw:roped_horizontal_log,1,,,1,,,1,,$,###,$,acacia_log,lead,,,,,,,,418
418,系绳竖金合欢木原木,14034,nw:roped_vertical_log,1,1,,1,,,,,,,,,,,,,,,,,417
419,系绳横去皮金合欢木原木,14035,nw:roped_horizontal_stripped_log,1,,,1,,,1,,$,###,$,stripped_acacia_log,lead,,,,,,,,420
420,系绳竖去皮金合欢木原木,14036,nw:roped_vertical_stripped_log,1,1,,1,,,,,,,,,,,,,,,,,419
421,去皮金合欢木原木倾斜上支撑,14037,nw:pillar_tilt_up_stripped_log,1,,,1,,,,,,,,,,,,,,,,,423
422,去皮金合欢木原木支撑,14038,nw:pillar_stripped_log,1,,,1,,,1,,# #,#,# #,stripped_acacia_log,,,,,,,,,421
423,去皮金合欢木原木倾斜下支撑,14039,nw:pillar_tilt_down_stripped_log,1,,,1,,,,,,,,,,,,,,,,,422
424,捆扎的金合欢木原木堆,14040,nw:roped_pile_log,1,,,1,,1,1,,$,#,###,acacia_log,lead,,,,,,,,
425,金合欢木靠背椅,14041,nw:bench_middle,1,,1,1,,,1,,#,###,$$$,stripped_acacia_wood,acacia_slab,,,,,,,,
426,金合欢木秋千,14042,nw:bench_swing,1,,1,1,,,1,,#%,###,$$$,stripped_acacia_wood,acacia_slab,lead,,,,,,,
427,金合欢木长椅左扶手,14043,nw:bench_left,1,,1,1,,,1,,##,###,$%%,stripped_acacia_wood,acacia_planks,acacia_slab,,,,,,,428
428,金合欢木长椅右扶手,14044,nw:bench_right,1,,1,1,,,,,,,,,,,,,,,,,427
429,金合欢木坐垫靠背椅,14045,nw:bench_middle_cushion,1,,1,1,,,1,,#,###,$$$,#wool,acacia_slab,,,,,,,,
430,金合欢木坐垫秋千,14046,nw:bench_swing_cushion,1,,1,1,,,1,,#%,###,$$$,#wool,acacia_slab,lead,,,,,,,
431,金合欢木坐垫长椅左扶手,14047,nw:bench_left_cushion,1,,1,1,,,1,,##,###,$%%,#wool,acacia_planks,acacia_slab,,,,,,,432
432,金合欢木坐垫长椅右扶手,14048,nw:bench_right_cushion,1,,1,1,,,,,,,,,,,,,,,,,431
433,系绳金合欢木原木单栅栏,14049,nw:roped_fence_log,1,1,,1,,,1,,$,$#$,$%,acacia_log,acacia_fence,lead,,,,,,,434
434,系绳金合欢木原木单向栅栏,14050,nw:roped_fence_single_end_log,1,1,,1,,,,,,,,,,,,,,,,,435
435,系绳金合欢木原木双向栅栏,14051,nw:roped_fence_double_end_log,1,1,,1,,,,,,,,,,,,,,,,,436
436,系绳金合欢木原木三向栅栏,14052,nw:roped_fence_triple_end_log,1,1,,1,,,,,,,,,,,,,,,,,437
437,系绳金合欢木原木对向栅栏,14053,nw:roped_fence_opposite_end_log,1,1,,1,,,,,,,,,,,,,,,,,438
438,系绳金合欢木原木四向栅栏,14054,nw:roped_fence_quadruple_end_log,1,1,,1,,,,,,,,,,,,,,,,,433
439,系绳去皮金合欢木原木单栅栏,14055,nw:roped_fence_stripped_log,1,1,,1,,,1,,$,$#$,$%,stripped_acacia_log,acacia_fence,lead,,,,,,,440
440,系绳去皮金合欢木原木单向栅栏,14056,nw:roped_fence_single_end_stripped_log,1,1,,1,,,,,,,,,,,,,,,,,441
441,系绳去皮金合欢木原木双向栅栏,14057,nw:roped_fence_double_end_stripped_log,1,1,,1,,,,,,,,,,,,,,,,,442
442,系绳去皮金合欢木原木三向栅栏,14058,nw:roped_fence_triple_end_stripped_log,1,1,,1,,,,,,,,,,,,,,,,,443
443,系绳去皮金合欢木原木对向栅栏,14059,nw:roped_fence_opposite_end_stripped_log,1,1,,1,,,,,,,,,,,,,,,,,444
444,系绳去皮金合欢木原木四向栅栏,14060,nw:roped_fence_quadruple_end_stripped_log,1,1,,1,,,,,,,,,,,,,,,,,439
445,金合欢木原木单栅栏,14061,nw:fence_log,1,1,,1,,,1,,$,$#$,$,acacia_log,acacia_fence,,,,,,,,446
446,金合欢木原木单向栅栏,14062,nw:fence_single_end_log,1,1,,1,,,,,,,,,,,,,,,,,447
447,金合欢木原木双向栅栏,14063,nw:fence_double_end_log,1,1,,1,,,,,,,,,,,,,,,,,448
448,金合欢木原木三向栅栏,14064,nw:fence_triple_end_log,1,1,,1,,,,,,,,,,,,,,,,,449
449,金合欢木原木对向栅栏,14065,nw:fence_opposite_end_log,1,1,,1,,,,,,,,,,,,,,,,,450
450,金合欢木原木四向栅栏,14066,nw:fence_quadruple_end_log,1,1,,1,,,,,,,,,,,,,,,,,445
451,去皮金合欢木原木单栅栏,14067,nw:fence_stripped_log,1,1,,1,,,1,,$,$#$,$,stripped_acacia_log,acacia_fence,,,,,,,,452
452,去皮金合欢木原木单向栅栏,14068,nw:fence_single_end_stripped_log,1,1,,1,,,,,,,,,,,,,,,,,453
453,去皮金合欢木原木双向栅栏,14069,nw:fence_double_end_stripped_log,1,1,,1,,,,,,,,,,,,,,,,,454
454,去皮金合欢木原木三向栅栏,14070,nw:fence_triple_end_stripped_log,1,1,,1,,,,,,,,,,,,,,,,,455
455,去皮金合欢木原木对向栅栏,14071,nw:fence_opposite_end_stripped_log,1,1,,1,,,,,,,,,,,,,,,,,456
456,去皮金合欢木原木四向栅栏,14072,nw:fence_quadruple_end_stripped_log,1,1,,1,,,,,,,,,,,,,,,,,451
457,金合欢木双扶手,14073,nw:handrail_double,1,,,,,,1,,# #,$ $,% %,stripped_acacia_wood,acacia_planks,stick,,,,,,,
458,金合欢木右扶手,14074,nw:handrail_right,1,,,,,,1,,#%,$%,%,stripped_acacia_wood,acacia_planks,stick,,,,,,,459
459,金合欢木左扶手,14075,nw:handrail_left,1,,,,,,,,,,,,,,,,,,,,458
460,金合欢木软垫双扶手,14076,nw:handrail_double_cushion,1,,,,,,1,,# #,$%$,% %,#wool,acacia_planks,stick,,,,,,,
461,金合欢木软垫右扶手,14077,nw:handrail_right_cushion,1,,,,,,1,,#%,$%,%,#wool,acacia_planks,stick,,,,,,,462
462,金合欢木软垫左扶手,14078,nw:handrail_left_cushion,1,,,,,,,,,,,,,,,,,,,,461
463,金合欢木酒吧门,14079,nw:bar_gate,,,,1,,,1,,,$#$,,acacia_door,stripped_acacia_wood,,,,,,,,
464,金合欢木木质花盆,14081,nw:wooden_pot,1,,,1,,,1,,# #,#$#,###,stripped_acacia_log,podzol,,,,,,,,
465,金合欢木小树,14082,nw:small_tree,1,,,1,,,1,,$$$,$#$,#,acacia_log,acacia_leaves,,,,,,,,
466,金合欢木双色遮阳棚,14087,nw:dual_color_parasol,1,,,,,,1,,###,$ $,% %,#wool_carpets,acacia_slab,stick,,,,,,,
467,深色橡木坐垫椅,15001,nw:chair_cushion,1,,1,1,,1,1,,#,###,$%$,#wool,dark_oak_planks,stick,,,,,,,
468,去皮深色橡木原木椅,15002,nw:chair_stripped_log,1,,1,1,,1,1,,#,###,$%$,stripped_dark_oak_log,dark_oak_planks,stick,,,,,,,
469,去皮深色橡木原木桌,15003,nw:table_stripped_log,1,1,,1,,,1,,,###,$%$,stripped_dark_oak_log,dark_oak_fence,stick,,,,,,,
470,深色橡木衬布桌,15004,nw:table_cloth,1,1,,1,,,1,,,###,$%$,#wool,dark_oak_fence,stick,,,,,,,
471,去皮深色橡木原木凳,15005,nw:stool_stripped_log,1,,1,1,,1,1,,,###,$%$,stripped_dark_oak_log,dark_oak_slab,stick,,,,,,,
472,深色橡木坐垫凳,15006,nw:stool_cushion,1,,1,1,,1,1,,,###,$%$,#wool,dark_oak_slab,stick,,,,,,,
473,深色橡木木板椅,15007,nw:chair_plank,1,,1,1,,1,1,,#,###,$%$,dark_oak_planks,dark_oak_planks,stick,,,,,,,
474,深色橡木木板桌,15008,nw:table_plank,1,1,,1,,,1,,,###,$%$,dark_oak_planks,dark_oak_fence,stick,,,,,,,
475,深色橡木木板凳,15009,nw:stool_plank,1,,1,1,,1,1,,,###,$%$,dark_oak_planks,dark_oak_slab,stick,,,,,,,
476,去皮深色橡木椅,15010,nw:chair_stripped,1,,1,1,,1,1,,#,###,$%$,stripped_dark_oak_wood,dark_oak_planks,stick,,,,,,,
477,去皮深色橡木桌,15011,nw:table_stripped,1,1,,1,,,1,,,###,$%$,stripped_dark_oak_wood,dark_oak_fence,stick,,,,,,,
478,去皮深色橡木凳,15012,nw:stool_stripped,1,,1,1,,1,1,,,###,$%$,stripped_dark_oak_wood,dark_oak_slab,stick,,,,,,,
479,单腿深色橡木衬布桌,15013,nw:table_cloth_oneleg,1,1,,1,,,1,,,###,$,#wool,dark_oak_fence,,,,,,,,
480,单腿深色橡木木板桌,15015,nw:table_plank_oneleg,1,1,,1,,,1,,,###,$,dark_oak_planks,dark_oak_fence,,,,,,,,
481,单腿去皮深色橡木原木桌,15014,nw:table_stripped_log_oneleg,1,1,,1,,,1,,,###,$,stripped_dark_oak_log,dark_oak_fence,,,,,,,,
482,单腿去皮深色橡木桌,15016,nw:table_stripped_oneleg,1,1,,1,,,1,,,###,$,stripped_dark_oak_wood,dark_oak_fence,,,,,,,,
483,深色橡木衬布板,15017,nw:shelf_cloth,1,1,,1,,,1,,###,$$$,,#wool,dark_oak_slab,,,,,,,,
484,去皮深色橡木原木板,15018,nw:shelf_stripped_log,1,1,,1,,,1,,###,$$$,,stripped_dark_oak_log,dark_oak_slab,,,,,,,,
485,深色橡木板,15019,nw:shelf_plank,1,1,,1,,,1,,###,$$$,,dark_oak_planks,dark_oak_slab,,,,,,,,
486,去皮深色橡木板,15020,nw:shelf_strpped,1,1,,1,,,1,,###,$$$,,stripped_dark_oak_wood,dark_oak_slab,,,,,,,,
487,深色橡木衬布支架,15021,nw:wall_shelf_cloth,1,1,,1,,,1,,###,$$$,%$%,#wool,dark_oak_slab,stick,,,,,,,
488,去皮深色橡木原木支架,15022,nw:wall_shelf_stripped_log,1,1,,1,,,1,,###,$$$,%$%,stripped_dark_oak_log,dark_oak_slab,stick,,,,,,,
489,深色橡木木板支架,15023,nw:wall_shelf_plank,1,1,,1,,,1,,###,$$$,%$%,dark_oak_planks,dark_oak_slab,stick,,,,,,,
490,去皮深色橡木支架,15024,nw:wall_shelf_strpped,1,1,,1,,,1,,###,$$$,%$%,stripped_dark_oak_wood,dark_oak_slab,stick,,,,,,,
491,深色橡木扶手坐垫椅,15025,nw:armchair_cushion,1,,1,1,,1,1,,$#$,###,$%$,#wool,dark_oak_planks,stick,,,,,,,
492,去皮深色橡木原木扶手椅,15026,nw:armchair_stripped_log,1,,1,1,,1,1,,$#$,###,$%$,stripped_dark_oak_log,dark_oak_planks,stick,,,,,,,
493,深色橡木木板扶手椅,15027,nw:armchair_plank,1,,1,1,,1,1,,$#$,###,$%$,dark_oak_planks,dark_oak_planks,stick,,,,,,,
494,去皮深色橡木扶手椅,15028,nw:armchair_stripped,1,,1,1,,1,1,,$#$,###,$%$,stripped_dark_oak_wood,dark_oak_planks,stick,,,,,,,
495,深色橡木原木倾斜上支撑,15029,nw:pillar_tilt_up_log,1,,,1,,,,,,,,,,,,,,,,,497
496,深色橡木原木支撑,15030,nw:pillar_log,1,,,1,,,1,,# #,#,# #,dark_oak_log,,,,,,,,,495
497,深色橡木原木倾斜下支撑,15031,nw:pillar_tilt_down_log,1,,,1,,,,,,,,,,,,,,,,,496
498,深色橡木原木堆,15032,nw:pile_log,1,,,1,,1,1,,,#,###,dark_oak_log,,,,,,,,,
499,系绳横深色橡木原木,15033,nw:roped_horizontal_log,1,,,1,,,1,,$,###,$,dark_oak_log,lead,,,,,,,,500
500,系绳竖深色橡木原木,15034,nw:roped_vertical_log,1,1,,1,,,,,,,,,,,,,,,,,499
501,系绳横去皮深色橡木原木,15035,nw:roped_horizontal_stripped_log,1,,,1,,,1,,$,###,$,stripped_dark_oak_log,lead,,,,,,,,502
502,系绳竖去皮深色橡木原木,15036,nw:roped_vertical_stripped_log,1,1,,1,,,,,,,,,,,,,,,,,501
503,去皮深色橡木原木倾斜上支撑,15037,nw:pillar_tilt_up_stripped_log,1,,,1,,,,,,,,,,,,,,,,,505
504,去皮深色橡木原木支撑,15038,nw:pillar_stripped_log,1,,,1,,,1,,# #,#,# #,stripped_dark_oak_log,,,,,,,,,503
505,去皮深色橡木原木倾斜下支撑,15039,nw:pillar_tilt_down_stripped_log,1,,,1,,,,,,,,,,,,,,,,,504
506,捆扎的深色橡木原木堆,15040,nw:roped_pile_log,1,,,1,,1,1,,$,#,###,dark_oak_log,lead,,,,,,,,
507,深色橡木靠背椅,15041,nw:bench_middle,1,,1,1,,,1,,#,###,$$$,stripped_dark_oak_wood,dark_oak_slab,,,,,,,,
508,深色橡木秋千,15042,nw:bench_swing,1,,1,1,,,1,,#%,###,$$$,stripped_dark_oak_wood,dark_oak_slab,lead,,,,,,,
509,深色橡木长椅左扶手,15043,nw:bench_left,1,,1,1,,,1,,##,###,$%%,stripped_dark_oak_wood,dark_oak_planks,dark_oak_slab,,,,,,,510
510,深色橡木长椅右扶手,15044,nw:bench_right,1,,1,1,,,,,,,,,,,,,,,,,509
511,深色橡木坐垫靠背椅,15045,nw:bench_middle_cushion,1,,1,1,,,1,,#,###,$$$,#wool,dark_oak_slab,,,,,,,,
512,深色橡木坐垫秋千,15046,nw:bench_swing_cushion,1,,1,1,,,1,,#%,###,$$$,#wool,dark_oak_slab,lead,,,,,,,
513,深色橡木坐垫长椅左扶手,15047,nw:bench_left_cushion,1,,1,1,,,1,,##,###,$%%,#wool,dark_oak_planks,dark_oak_slab,,,,,,,514
514,深色橡木坐垫长椅右扶手,15048,nw:bench_right_cushion,1,,1,1,,,,,,,,,,,,,,,,,513
515,系绳深色橡木原木单栅栏,15049,nw:roped_fence_log,1,1,,1,,,1,,$,$#$,$%,dark_oak_log,dark_oak_fence,lead,,,,,,,516
516,系绳深色橡木原木单向栅栏,15050,nw:roped_fence_single_end_log,1,1,,1,,,,,,,,,,,,,,,,,517
517,系绳深色橡木原木双向栅栏,15051,nw:roped_fence_double_end_log,1,1,,1,,,,,,,,,,,,,,,,,518
518,系绳深色橡木原木三向栅栏,15052,nw:roped_fence_triple_end_log,1,1,,1,,,,,,,,,,,,,,,,,519
519,系绳深色橡木原木对向栅栏,15053,nw:roped_fence_opposite_end_log,1,1,,1,,,,,,,,,,,,,,,,,520
520,系绳深色橡木原木四向栅栏,15054,nw:roped_fence_quadruple_end_log,1,1,,1,,,,,,,,,,,,,,,,,515
521,系绳去皮深色橡木原木单栅栏,15055,nw:roped_fence_stripped_log,1,1,,1,,,1,,$,$#$,$%,stripped_dark_oak_log,dark_oak_fence,lead,,,,,,,522
522,系绳去皮深色橡木原木单向栅栏,15056,nw:roped_fence_single_end_stripped_log,1,1,,1,,,,,,,,,,,,,,,,,523
523,系绳去皮深色橡木原木双向栅栏,15057,nw:roped_fence_double_end_stripped_log,1,1,,1,,,,,,,,,,,,,,,,,524
524,系绳去皮深色橡木原木三向栅栏,15058,nw:roped_fence_triple_end_stripped_log,1,1,,1,,,,,,,,,,,,,,,,,525
525,系绳去皮深色橡木原木对向栅栏,15059,nw:roped_fence_opposite_end_stripped_log,1,1,,1,,,,,,,,,,,,,,,,,526
526,系绳去皮深色橡木原木四向栅栏,15060,nw:roped_fence_quadruple_end_stripped_log,1,1,,1,,,,,,,,,,,,,,,,,521
527,深色橡木原木单栅栏,15061,nw:fence_log,1,1,,1,,,1,,$,$#$,$,dark_oak_log,dark_oak_fence,,,,,,,,528
528,深色橡木原木单向栅栏,15062,nw:fence_single_end_log,1,1,,1,,,,,,,,,,,,,,,,,529
529,深色橡木原木双向栅栏,15063,nw:fence_double_end_log,1,1,,1,,,,,,,,,,,,,,,,,530
530,深色橡木原木三向栅栏,15064,nw:fence_triple_end_log,1,1,,1,,,,,,,,,,,,,,,,,531
531,深色橡木原木对向栅栏,15065,nw:fence_opposite_end_log,1,1,,1,,,,,,,,,,,,,,,,,532
532,深色橡木原木四向栅栏,15066,nw:fence_quadruple_end_log,1,1,,1,,,,,,,,,,,,,,,,,527
533,去皮深色橡木原木单栅栏,15067,nw:fence_stripped_log,1,1,,1,,,1,,$,$#$,$,stripped_dark_oak_log,dark_oak_fence,,,,,,,,534
534,去皮深色橡木原木单向栅栏,15068,nw:fence_single_end_stripped_log,1,1,,1,,,,,,,,,,,,,,,,,535
535,去皮深色橡木原木双向栅栏,15069,nw:fence_double_end_stripped_log,1,1,,1,,,,,,,,,,,,,,,,,536
536,去皮深色橡木原木三向栅栏,15070,nw:fence_triple_end_stripped_log,1,1,,1,,,,,,,,,,,,,,,,,537
537,去皮深色橡木原木对向栅栏,15071,nw:fence_opposite_end_stripped_log,1,1,,1,,,,,,,,,,,,,,,,,538
538,去皮深色橡木原木四向栅栏,15072,nw:fence_quadruple_end_stripped_log,1,1,,1,,,,,,,,,,,,,,,,,533
539,深色橡木双扶手,15073,nw:handrail_double,1,,,,,,1,,# #,$ $,% %,stripped_dark_oak_wood,dark_oak_planks,stick,,,,,,,
540,深色橡木右扶手,15074,nw:handrail_right,1,,,,,,1,,#%,$%,%,stripped_dark_oak_wood,dark_oak_planks,stick,,,,,,,541
541,深色橡木左扶手,15075,nw:handrail_left,1,,,,,,,,,,,,,,,,,,,,540
542,深色橡木软垫双扶手,15076,nw:handrail_double_cushion,1,,,,,,1,,# #,$%$,% %,#wool,dark_oak_planks,stick,,,,,,,
543,深色橡木软垫右扶手,15077,nw:handrail_right_cushion,1,,,,,,1,,#%,$%,%,#wool,dark_oak_planks,stick,,,,,,,544
544,深色橡木软垫左扶手,15078,nw:handrail_left_cushion,1,,,,,,,,,,,,,,,,,,,,543
545,深色橡木酒吧门,15079,nw:bar_gate,,,,1,,,1,,,$#$,,dark_oak_door,stripped_dark_oak_wood,,,,,,,,
546,深色橡木木质花盆,15081,nw:wooden_pot,1,,,1,,,1,,# #,#$#,###,stripped_dark_oak_log,podzol,,,,,,,,
547,深色橡木小树,15082,nw:small_tree,1,,,1,,,1,,$$$,$#$,#,dark_oak_log,dark_oak_leaves,,,,,,,,
548,深色橡木双色遮阳棚,15087,nw:dual_color_parasol,1,,,,,,1,,###,$ $,% %,#wool_carpets,dark_oak_slab,stick,,,,,,,
549,红树木坐垫椅,16001,nw:chair_cushion,1,,1,1,,1,1,,#,###,$%$,#wool,mangrove_planks,stick,,,,,,,
550,去皮红树木原木椅,16002,nw:chair_stripped_log,1,,1,1,,1,1,,#,###,$%$,stripped_mangrove_log,mangrove_planks,stick,,,,,,,
551,去皮红树木原木桌,16003,nw:table_stripped_log,1,1,,1,,,1,,,###,$%$,stripped_mangrove_log,mangrove_fence,stick,,,,,,,
552,红树木衬布桌,16004,nw:table_cloth,1,1,,1,,,1,,,###,$%$,#wool,mangrove_fence,stick,,,,,,,
553,去皮红树木原木凳,16005,nw:stool_stripped_log,1,,1,1,,1,1,,,###,$%$,stripped_mangrove_log,mangrove_slab,stick,,,,,,,
554,红树木坐垫凳,16006,nw:stool_cushion,1,,1,1,,1,1,,,###,$%$,#wool,mangrove_slab,stick,,,,,,,
555,红树木木板椅,16007,nw:chair_plank,1,,1,1,,1,1,,#,###,$%$,mangrove_planks,mangrove_planks,stick,,,,,,,
556,红树木木板桌,16008,nw:table_plank,1,1,,1,,,1,,,###,$%$,mangrove_planks,mangrove_fence,stick,,,,,,,
557,红树木木板凳,16009,nw:stool_plank,1,,1,1,,1,1,,,###,$%$,mangrove_planks,mangrove_slab,stick,,,,,,,
558,去皮红树木椅,16010,nw:chair_stripped,1,,1,1,,1,1,,#,###,$%$,stripped_mangrove_wood,mangrove_planks,stick,,,,,,,
559,去皮红树木桌,16011,nw:table_stripped,1,1,,1,,,1,,,###,$%$,stripped_mangrove_wood,mangrove_fence,stick,,,,,,,
560,去皮红树木凳,16012,nw:stool_stripped,1,,1,1,,1,1,,,###,$%$,stripped_mangrove_wood,mangrove_slab,stick,,,,,,,
561,单腿红树木衬布桌,16013,nw:table_cloth_oneleg,1,1,,1,,,1,,,###,$,#wool,mangrove_fence,,,,,,,,
562,单腿红树木木板桌,16015,nw:table_plank_oneleg,1,1,,1,,,1,,,###,$,mangrove_planks,mangrove_fence,,,,,,,,
563,单腿去皮红树木原木桌,16014,nw:table_stripped_log_oneleg,1,1,,1,,,1,,,###,$,stripped_mangrove_log,mangrove_fence,,,,,,,,
564,单腿去皮红树木桌,16016,nw:table_stripped_oneleg,1,1,,1,,,1,,,###,$,stripped_mangrove_wood,mangrove_fence,,,,,,,,
565,红树木衬布板,16017,nw:shelf_cloth,1,1,,1,,,1,,###,$$$,,#wool,mangrove_slab,,,,,,,,
566,去皮红树木原木板,16018,nw:shelf_stripped_log,1,1,,1,,,1,,###,$$$,,stripped_mangrove_log,mangrove_slab,,,,,,,,
567,红树木板,16019,nw:shelf_plank,1,1,,1,,,1,,###,$$$,,mangrove_planks,mangrove_slab,,,,,,,,
568,去皮红树木板,16020,nw:shelf_strpped,1,1,,1,,,1,,###,$$$,,stripped_mangrove_wood,mangrove_slab,,,,,,,,
569,红树木衬布支架,16021,nw:wall_shelf_cloth,1,1,,1,,,1,,###,$$$,%$%,#wool,mangrove_slab,stick,,,,,,,
570,去皮红树木原木支架,16022,nw:wall_shelf_stripped_log,1,1,,1,,,1,,###,$$$,%$%,stripped_mangrove_log,mangrove_slab,stick,,,,,,,
571,红树木木板支架,16023,nw:wall_shelf_plank,1,1,,1,,,1,,###,$$$,%$%,mangrove_planks,mangrove_slab,stick,,,,,,,
572,去皮红树木支架,16024,nw:wall_shelf_strpped,1,1,,1,,,1,,###,$$$,%$%,stripped_mangrove_wood,mangrove_slab,stick,,,,,,,
573,红树木扶手坐垫椅,16025,nw:armchair_cushion,1,,1,1,,1,1,,$#$,###,$%$,#wool,mangrove_planks,stick,,,,,,,
574,去皮红树木原木扶手椅,16026,nw:armchair_stripped_log,1,,1,1,,1,1,,$#$,###,$%$,stripped_mangrove_log,mangrove_planks,stick,,,,,,,
575,红树木木板扶手椅,16027,nw:armchair_plank,1,,1,1,,1,1,,$#$,###,$%$,mangrove_planks,mangrove_planks,stick,,,,,,,
576,去皮红树木扶手椅,16028,nw:armchair_stripped,1,,1,1,,1,1,,$#$,###,$%$,stripped_mangrove_wood,mangrove_planks,stick,,,,,,,
577,红树木原木倾斜上支撑,16029,nw:pillar_tilt_up_log,1,,,1,,,,,,,,,,,,,,,,,579
578,红树木原木支撑,16030,nw:pillar_log,1,,,1,,,1,,# #,#,# #,mangrove_log,,,,,,,,,577
579,红树木原木倾斜下支撑,16031,nw:pillar_tilt_down_log,1,,,1,,,,,,,,,,,,,,,,,578
580,红树木原木堆,16032,nw:pile_log,1,,,1,,1,1,,,#,###,mangrove_log,,,,,,,,,
581,系绳横红树木原木,16033,nw:roped_horizontal_log,1,,,1,,,1,,$,###,$,mangrove_log,lead,,,,,,,,582
582,系绳竖红树木原木,16034,nw:roped_vertical_log,1,1,,1,,,,,,,,,,,,,,,,,581
583,系绳横去皮红树木原木,16035,nw:roped_horizontal_stripped_log,1,,,1,,,1,,$,###,$,stripped_mangrove_log,lead,,,,,,,,584
584,系绳竖去皮红树木原木,16036,nw:roped_vertical_stripped_log,1,1,,1,,,,,,,,,,,,,,,,,583
585,去皮红树木原木倾斜上支撑,16037,nw:pillar_tilt_up_stripped_log,1,,,1,,,,,,,,,,,,,,,,,587
586,去皮红树木原木支撑,16038,nw:pillar_stripped_log,1,,,1,,,1,,# #,#,# #,stripped_mangrove_log,,,,,,,,,585
587,去皮红树木原木倾斜下支撑,16039,nw:pillar_tilt_down_stripped_log,1,,,1,,,,,,,,,,,,,,,,,586
588,捆扎的红树木原木堆,16040,nw:roped_pile_log,1,,,1,,1,1,,$,#,###,mangrove_log,lead,,,,,,,,
589,红树木靠背椅,16041,nw:bench_middle,1,,1,1,,,1,,#,###,$$$,stripped_mangrove_wood,mangrove_slab,,,,,,,,
590,红树木秋千,16042,nw:bench_swing,1,,1,1,,,1,,#%,###,$$$,stripped_mangrove_wood,mangrove_slab,lead,,,,,,,
591,红树木长椅左扶手,16043,nw:bench_left,1,,1,1,,,1,,##,###,$%%,stripped_mangrove_wood,mangrove_planks,mangrove_slab,,,,,,,592
592,红树木长椅右扶手,16044,nw:bench_right,1,,1,1,,,,,,,,,,,,,,,,,591
593,红树木坐垫靠背椅,16045,nw:bench_middle_cushion,1,,1,1,,,1,,#,###,$$$,#wool,mangrove_slab,,,,,,,,
594,红树木坐垫秋千,16046,nw:bench_swing_cushion,1,,1,1,,,1,,#%,###,$$$,#wool,mangrove_slab,lead,,,,,,,
595,红树木坐垫长椅左扶手,16047,nw:bench_left_cushion,1,,1,1,,,1,,##,###,$%%,#wool,mangrove_planks,mangrove_slab,,,,,,,596
596,红树木坐垫长椅右扶手,16048,nw:bench_right_cushion,1,,1,1,,,,,,,,,,,,,,,,,595
597,系绳红树木原木单栅栏,16049,nw:roped_fence_log,1,1,,1,,,1,,$,$#$,$%,mangrove_log,mangrove_fence,lead,,,,,,,598
598,系绳红树木原木单向栅栏,16050,nw:roped_fence_single_end_log,1,1,,1,,,,,,,,,,,,,,,,,599
599,系绳红树木原木双向栅栏,16051,nw:roped_fence_double_end_log,1,1,,1,,,,,,,,,,,,,,,,,600
600,系绳红树木原木三向栅栏,16052,nw:roped_fence_triple_end_log,1,1,,1,,,,,,,,,,,,,,,,,601
601,系绳红树木原木对向栅栏,16053,nw:roped_fence_opposite_end_log,1,1,,1,,,,,,,,,,,,,,,,,602
602,系绳红树木原木四向栅栏,16054,nw:roped_fence_quadruple_end_log,1,1,,1,,,,,,,,,,,,,,,,,597
603,系绳去皮红树木原木单栅栏,16055,nw:roped_fence_stripped_log,1,1,,1,,,1,,$,$#$,$%,stripped_mangrove_log,mangrove_fence,lead,,,,,,,604
604,系绳去皮红树木原木单向栅栏,16056,nw:roped_fence_single_end_stripped_log,1,1,,1,,,,,,,,,,,,,,,,,605
605,系绳去皮红树木原木双向栅栏,16057,nw:roped_fence_double_end_stripped_log,1,1,,1,,,,,,,,,,,,,,,,,606
606,系绳去皮红树木原木三向栅栏,16058,nw:roped_fence_triple_end_stripped_log,1,1,,1,,,,,,,,,,,,,,,,,607
607,系绳去皮红树木原木对向栅栏,16059,nw:roped_fence_opposite_end_stripped_log,1,1,,1,,,,,,,,,,,,,,,,,608
608,系绳去皮红树木原木四向栅栏,16060,nw:roped_fence_quadruple_end_stripped_log,1,1,,1,,,,,,,,,,,,,,,,,603
609,红树木原木单栅栏,16061,nw:fence_log,1,1,,1,,,1,,$,$#$,$,mangrove_log,mangrove_fence,,,,,,,,610
610,红树木原木单向栅栏,16062,nw:fence_single_end_log,1,1,,1,,,,,,,,,,,,,,,,,611
611,红树木原木双向栅栏,16063,nw:fence_double_end_log,1,1,,1,,,,,,,,,,,,,,,,,612
612,红树木原木三向栅栏,16064,nw:fence_triple_end_log,1,1,,1,,,,,,,,,,,,,,,,,613
613,红树木原木对向栅栏,16065,nw:fence_opposite_end_log,1,1,,1,,,,,,,,,,,,,,,,,614
614,红树木原木四向栅栏,16066,nw:fence_quadruple_end_log,1,1,,1,,,,,,,,,,,,,,,,,609
615,去皮红树木原木单栅栏,16067,nw:fence_stripped_log,1,1,,1,,,1,,$,$#$,$,stripped_mangrove_log,mangrove_fence,,,,,,,,616
616,去皮红树木原木单向栅栏,16068,nw:fence_single_end_stripped_log,1,1,,1,,,,,,,,,,,,,,,,,617
617,去皮红树木原木双向栅栏,16069,nw:fence_double_end_stripped_log,1,1,,1,,,,,,,,,,,,,,,,,618
618,去皮红树木原木三向栅栏,16070,nw:fence_triple_end_stripped_log,1,1,,1,,,,,,,,,,,,,,,,,619
619,去皮红树木原木对向栅栏,16071,nw:fence_opposite_end_stripped_log,1,1,,1,,,,,,,,,,,,,,,,,620
620,去皮红树木原木四向栅栏,16072,nw:fence_quadruple_end_stripped_log,1,1,,1,,,,,,,,,,,,,,,,,615
621,红树木双扶手,16073,nw:handrail_double,1,,,,,,1,,# #,$ $,% %,stripped_mangrove_wood,mangrove_planks,stick,,,,,,,
622,红树木右扶手,16074,nw:handrail_right,1,,,,,,1,,#%,$%,%,stripped_mangrove_wood,mangrove_planks,stick,,,,,,,623
623,红树木左扶手,16075,nw:handrail_left,1,,,,,,,,,,,,,,,,,,,,622
624,红树木软垫双扶手,16076,nw:handrail_double_cushion,1,,,,,,1,,# #,$%$,% %,#wool,mangrove_planks,stick,,,,,,,
625,红树木软垫右扶手,16077,nw:handrail_right_cushion,1,,,,,,1,,#%,$%,%,#wool,mangrove_planks,stick,,,,,,,626
626,红树木软垫左扶手,16078,nw:handrail_left_cushion,1,,,,,,,,,,,,,,,,,,,,625
627,红树木酒吧门,16079,nw:bar_gate,,,,1,,,1,,,$#$,,mangrove_door,stripped_mangrove_wood,,,,,,,,
628,红树木木质花盆,16081,nw:wooden_pot,1,,,1,,,1,,# #,#$#,###,stripped_mangrove_log,podzol,,,,,,,,
629,红树木小树,16082,nw:small_tree,1,,,1,,,1,,$$$,$#$,#,mangrove_log,mangrove_leaves,,,,,,,,
630,红树木双色遮阳棚,16087,nw:dual_color_parasol,1,,,,,,1,,###,$ $,% %,#wool_carpets,mangrove_slab,stick,,,,,,,
631,樱花木坐垫椅,17001,nw:chair_cushion,1,,1,1,,1,1,,#,###,$%$,#wool,cherry_planks,stick,,,,,,,
632,去皮樱花木原木椅,17002,nw:chair_stripped_log,1,,1,1,,1,1,,#,###,$%$,stripped_cherry_log,cherry_planks,stick,,,,,,,
633,去皮樱花木原木桌,17003,nw:table_stripped_log,1,1,,1,,,1,,,###,$%$,stripped_cherry_log,cherry_fence,stick,,,,,,,
634,樱花木衬布桌,17004,nw:table_cloth,1,1,,1,,,1,,,###,$%$,#wool,cherry_fence,stick,,,,,,,
635,去皮樱花木原木凳,17005,nw:stool_stripped_log,1,,1,1,,1,1,,,###,$%$,stripped_cherry_log,cherry_slab,stick,,,,,,,
636,樱花木坐垫凳,17006,nw:stool_cushion,1,,1,1,,1,1,,,###,$%$,#wool,cherry_slab,stick,,,,,,,
637,樱花木木板椅,17007,nw:chair_plank,1,,1,1,,1,1,,#,###,$%$,cherry_planks,cherry_planks,stick,,,,,,,
638,樱花木木板桌,17008,nw:table_plank,1,1,,1,,,1,,,###,$%$,cherry_planks,cherry_fence,stick,,,,,,,
639,樱花木木板凳,17009,nw:stool_plank,1,,1,1,,1,1,,,###,$%$,cherry_planks,cherry_slab,stick,,,,,,,
640,去皮樱花木椅,17010,nw:chair_stripped,1,,1,1,,1,1,,#,###,$%$,stripped_cherry_wood,cherry_planks,stick,,,,,,,
641,去皮樱花木桌,17011,nw:table_stripped,1,1,,1,,,1,,,###,$%$,stripped_cherry_wood,cherry_fence,stick,,,,,,,
642,去皮樱花木凳,17012,nw:stool_stripped,1,,1,1,,1,1,,,###,$%$,stripped_cherry_wood,cherry_slab,stick,,,,,,,
643,单腿樱花木衬布桌,17013,nw:table_cloth_oneleg,1,1,,1,,,1,,,###,$,#wool,cherry_fence,,,,,,,,
644,单腿樱花木木板桌,17015,nw:table_plank_oneleg,1,1,,1,,,1,,,###,$,cherry_planks,cherry_fence,,,,,,,,
645,单腿去皮樱花木原木桌,17014,nw:table_stripped_log_oneleg,1,1,,1,,,1,,,###,$,stripped_cherry_log,cherry_fence,,,,,,,,
646,单腿去皮樱花木桌,17016,nw:table_stripped_oneleg,1,1,,1,,,1,,,###,$,stripped_cherry_wood,cherry_fence,,,,,,,,
647,樱花木衬布板,17017,nw:shelf_cloth,1,1,,1,,,1,,###,$$$,,#wool,cherry_slab,,,,,,,,
648,去皮樱花木原木板,17018,nw:shelf_stripped_log,1,1,,1,,,1,,###,$$$,,stripped_cherry_log,cherry_slab,,,,,,,,
649,樱花木板,17019,nw:shelf_plank,1,1,,1,,,1,,###,$$$,,cherry_planks,cherry_slab,,,,,,,,
650,去皮樱花木板,17020,nw:shelf_strpped,1,1,,1,,,1,,###,$$$,,stripped_cherry_wood,cherry_slab,,,,,,,,
651,樱花木衬布支架,17021,nw:wall_shelf_cloth,1,1,,1,,,1,,###,$$$,%$%,#wool,cherry_slab,stick,,,,,,,
652,去皮樱花木原木支架,17022,nw:wall_shelf_stripped_log,1,1,,1,,,1,,###,$$$,%$%,stripped_cherry_log,cherry_slab,stick,,,,,,,
653,樱花木木板支架,17023,nw:wall_shelf_plank,1,1,,1,,,1,,###,$$$,%$%,cherry_planks,cherry_slab,stick,,,,,,,
654,去皮樱花木支架,17024,nw:wall_shelf_strpped,1,1,,1,,,1,,###,$$$,%$%,stripped_cherry_wood,cherry_slab,stick,,,,,,,
655,樱花木扶手坐垫椅,17025,nw:armchair_cushion,1,,1,1,,1,1,,$#$,###,$%$,#wool,cherry_planks,stick,,,,,,,
656,去皮樱花木原木扶手椅,17026,nw:armchair_stripped_log,1,,1,1,,1,1,,$#$,###,$%$,stripped_cherry_log,cherry_planks,stick,,,,,,,
657,樱花木木板扶手椅,17027,nw:armchair_plank,1,,1,1,,1,1,,$#$,###,$%$,cherry_planks,cherry_planks,stick,,,,,,,
658,去皮樱花木扶手椅,17028,nw:armchair_stripped,1,,1,1,,1,1,,$#$,###,$%$,stripped_cherry_wood,cherry_planks,stick,,,,,,,
659,樱花木原木倾斜上支撑,17029,nw:pillar_tilt_up_log,1,,,1,,,,,,,,,,,,,,,,,661
660,樱花木原木支撑,17030,nw:pillar_log,1,,,1,,,1,,# #,#,# #,cherry_log,,,,,,,,,659
661,樱花木原木倾斜下支撑,17031,nw:pillar_tilt_down_log,1,,,1,,,,,,,,,,,,,,,,,660
662,樱花木原木堆,17032,nw:pile_log,1,,,1,,1,1,,,#,###,cherry_log,,,,,,,,,
663,系绳横樱花木原木,17033,nw:roped_horizontal_log,1,,,1,,,1,,$,###,$,cherry_log,lead,,,,,,,,664
664,系绳竖樱花木原木,17034,nw:roped_vertical_log,1,1,,1,,,,,,,,,,,,,,,,,663
665,系绳横去皮樱花木原木,17035,nw:roped_horizontal_stripped_log,1,,,1,,,1,,$,###,$,stripped_cherry_log,lead,,,,,,,,666
666,系绳竖去皮樱花木原木,17036,nw:roped_vertical_stripped_log,1,1,,1,,,,,,,,,,,,,,,,,665
667,去皮樱花木原木倾斜上支撑,17037,nw:pillar_tilt_up_stripped_log,1,,,1,,,,,,,,,,,,,,,,,669
668,去皮樱花木原木支撑,17038,nw:pillar_stripped_log,1,,,1,,,1,,# #,#,# #,stripped_cherry_log,,,,,,,,,667
669,去皮樱花木原木倾斜下支撑,17039,nw:pillar_tilt_down_stripped_log,1,,,1,,,,,,,,,,,,,,,,,668
670,捆扎的樱花木原木堆,17040,nw:roped_pile_log,1,,,1,,1,1,,$,#,###,cherry_log,lead,,,,,,,,
671,樱花木靠背椅,17041,nw:bench_middle,1,,1,1,,,1,,#,###,$$$,stripped_cherry_wood,cherry_slab,,,,,,,,
672,樱花木秋千,17042,nw:bench_swing,1,,1,1,,,1,,#%,###,$$$,stripped_cherry_wood,cherry_slab,lead,,,,,,,
673,樱花木长椅左扶手,17043,nw:bench_left,1,,1,1,,,1,,##,###,$%%,stripped_cherry_wood,cherry_planks,cherry_slab,,,,,,,674
674,樱花木长椅右扶手,17044,nw:bench_right,1,,1,1,,,,,,,,,,,,,,,,,673
675,樱花木坐垫靠背椅,17045,nw:bench_middle_cushion,1,,1,1,,,1,,#,###,$$$,#wool,cherry_slab,,,,,,,,
676,樱花木坐垫秋千,17046,nw:bench_swing_cushion,1,,1,1,,,1,,#%,###,$$$,#wool,cherry_slab,lead,,,,,,,
677,樱花木坐垫长椅左扶手,17047,nw:bench_left_cushion,1,,1,1,,,1,,##,###,$%%,#wool,cherry_planks,cherry_slab,,,,,,,678
678,樱花木坐垫长椅右扶手,17048,nw:bench_right_cushion,1,,1,1,,,,,,,,,,,,,,,,,677
679,系绳樱花木原木单栅栏,17049,nw:roped_fence_log,1,1,,1,,,1,,$,$#$,$%,cherry_log,cherry_fence,lead,,,,,,,680
680,系绳樱花木原木单向栅栏,17050,nw:roped_fence_single_end_log,1,1,,1,,,,,,,,,,,,,,,,,681
681,系绳樱花木原木双向栅栏,17051,nw:roped_fence_double_end_log,1,1,,1,,,,,,,,,,,,,,,,,682
682,系绳樱花木原木三向栅栏,17052,nw:roped_fence_triple_end_log,1,1,,1,,,,,,,,,,,,,,,,,683
683,系绳樱花木原木对向栅栏,17053,nw:roped_fence_opposite_end_log,1,1,,1,,,,,,,,,,,,,,,,,684
684,系绳樱花木原木四向栅栏,17054,nw:roped_fence_quadruple_end_log,1,1,,1,,,,,,,,,,,,,,,,,679
685,系绳去皮樱花木原木单栅栏,17055,nw:roped_fence_stripped_log,1,1,,1,,,1,,$,$#$,$%,stripped_cherry_log,cherry_fence,lead,,,,,,,686
686,系绳去皮樱花木原木单向栅栏,17056,nw:roped_fence_single_end_stripped_log,1,1,,1,,,,,,,,,,,,,,,,,687
687,系绳去皮樱花木原木双向栅栏,17057,nw:roped_fence_double_end_stripped_log,1,1,,1,,,,,,,,,,,,,,,,,688
688,系绳去皮樱花木原木三向栅栏,17058,nw:roped_fence_triple_end_stripped_log,1,1,,1,,,,,,,,,,,,,,,,,689
689,系绳去皮樱花木原木对向栅栏,17059,nw:roped_fence_opposite_end_stripped_log,1,1,,1,,,,,,,,,,,,,,,,,690
690,系绳去皮樱花木原木四向栅栏,17060,nw:roped_fence_quadruple_end_stripped_log,1,1,,1,,,,,,,,,,,,,,,,,685
691,樱花木原木单栅栏,17061,nw:fence_log,1,1,,1,,,1,,$,$#$,$,cherry_log,cherry_fence,,,,,,,,692
692,樱花木原木单向栅栏,17062,nw:fence_single_end_log,1,1,,1,,,,,,,,,,,,,,,,,693
693,樱花木原木双向栅栏,17063,nw:fence_double_end_log,1,1,,1,,,,,,,,,,,,,,,,,694
694,樱花木原木三向栅栏,17064,nw:fence_triple_end_log,1,1,,1,,,,,,,,,,,,,,,,,695
695,樱花木原木对向栅栏,17065,nw:fence_opposite_end_log,1,1,,1,,,,,,,,,,,,,,,,,696
696,樱花木原木四向栅栏,17066,nw:fence_quadruple_end_log,1,1,,1,,,,,,,,,,,,,,,,,691
697,去皮樱花木原木单栅栏,17067,nw:fence_stripped_log,1,1,,1,,,1,,$,$#$,$,stripped_cherry_log,cherry_fence,,,,,,,,698
698,去皮樱花木原木单向栅栏,17068,nw:fence_single_end_stripped_log,1,1,,1,,,,,,,,,,,,,,,,,699
699,去皮樱花木原木双向栅栏,17069,nw:fence_double_end_stripped_log,1,1,,1,,,,,,,,,,,,,,,,,700
700,去皮樱花木原木三向栅栏,17070,nw:fence_triple_end_stripped_log,1,1,,1,,,,,,,,,,,,,,,,,701
701,去皮樱花木原木对向栅栏,17071,nw:fence_opposite_end_stripped_log,1,1,,1,,,,,,,,,,,,,,,,,702
702,去皮樱花木原木四向栅栏,17072,nw:fence_quadruple_end_stripped_log,1,1,,1,,,,,,,,,,,,,,,,,697
703,樱花木双扶手,17073,nw:handrail_double,1,,,,,,1,,# #,$ $,% %,stripped_cherry_wood,cherry_planks,stick,,,,,,,
704,樱花木右扶手,17074,nw:handrail_right,1,,,,,,1,,#%,$%,%,stripped_cherry_wood,cherry_planks,stick,,,,,,,705
705,樱花木左扶手,17075,nw:handrail_left,1,,,,,,,,,,,,,,,,,,,,704
706,樱花木软垫双扶手,17076,nw:handrail_double_cushion,1,,,,,,1,,# #,$%$,% %,#wool,cherry_planks,stick,,,,,,,
707,樱花木软垫右扶手,17077,nw:handrail_right_cushion,1,,,,,,1,,#%,$%,%,#wool,cherry_planks,stick,,,,,,,708
708,樱花木软垫左扶手,17078,nw:handrail_left_cushion,1,,,,,,,,,,,,,,,,,,,,707
709,樱花木酒吧门,17079,nw:bar_gate,,,,1,,,1,,,$#$,,cherry_door,stripped_cherry_wood,,,,,,,,
710,樱花木木质花盆,17081,nw:wooden_pot,1,,,1,,,1,,# #,#$#,###,stripped_cherry_log,podzol,,,,,,,,
711,樱花木小树,17082,nw:small_tree,1,,,1,,,1,,$$$,$#$,#,cherry_log,cherry_leaves,,,,,,,,
712,樱花木双色遮阳棚,17087,nw:dual_color_parasol,1,,,,,,1,,###,$ $,% %,#wool_carpets,cherry_slab,stick,,,,,,,
713,绯红菌坐垫椅,18001,nw:chair_cushion,1,,1,1,,1,1,,#,###,$%$,#wool,crimson_planks,stick,,,,,,,
714,去皮绯红菌柄椅,18002,nw:chair_stripped_log,1,,1,1,,1,1,,#,###,$%$,stripped_crimson_stem,crimson_planks,stick,,,,,,,
715,去皮绯红菌柄桌,18003,nw:table_stripped_log,1,1,,1,,,1,,,###,$%$,stripped_crimson_stem,crimson_fence,stick,,,,,,,
716,绯红菌衬布桌,18004,nw:table_cloth,1,1,,1,,,1,,,###,$%$,#wool,crimson_fence,stick,,,,,,,
717,去皮绯红菌柄凳,18005,nw:stool_stripped_log,1,,1,1,,1,1,,,###,$%$,stripped_crimson_stem,crimson_slab,stick,,,,,,,
718,绯红菌坐垫凳,18006,nw:stool_cushion,1,,1,1,,1,1,,,###,$%$,#wool,crimson_slab,stick,,,,,,,
719,绯红菌木板椅,18007,nw:chair_plank,1,,1,1,,1,1,,#,###,$%$,crimson_planks,crimson_planks,stick,,,,,,,
720,绯红菌木板桌,18008,nw:table_plank,1,1,,1,,,1,,,###,$%$,crimson_planks,crimson_fence,stick,,,,,,,
721,绯红菌木板凳,18009,nw:stool_plank,1,,1,1,,1,1,,,###,$%$,crimson_planks,crimson_slab,stick,,,,,,,
722,去皮绯红菌核椅,18010,nw:chair_stripped,1,,1,1,,1,1,,#,###,$%$,stripped_crimson_hyphae,crimson_planks,stick,,,,,,,
723,去皮绯红菌核桌,18011,nw:table_stripped,1,1,,1,,,1,,,###,$%$,stripped_crimson_hyphae,crimson_fence,stick,,,,,,,
724,去皮绯红菌核凳,18012,nw:stool_stripped,1,,1,1,,1,1,,,###,$%$,stripped_crimson_hyphae,crimson_slab,stick,,,,,,,
725,单腿绯红菌衬布桌,18013,nw:table_cloth_oneleg,1,1,,1,,,1,,,###,$,#wool,crimson_fence,,,,,,,,
726,单腿绯红菌木板桌,18015,nw:table_plank_oneleg,1,1,,1,,,1,,,###,$,crimson_planks,crimson_fence,,,,,,,,
727,单腿去皮绯红菌柄桌,18014,nw:table_stripped_log_oneleg,1,1,,1,,,1,,,###,$,stripped_crimson_stem,crimson_fence,,,,,,,,
728,单腿去皮绯红菌核桌,18016,nw:table_stripped_oneleg,1,1,,1,,,1,,,###,$,stripped_crimson_hyphae,crimson_fence,,,,,,,,
729,绯红菌衬布板,18017,nw:shelf_cloth,1,1,,1,,,1,,###,$$$,,#wool,crimson_slab,,,,,,,,
730,去皮绯红菌柄板,18018,nw:shelf_stripped_log,1,1,,1,,,1,,###,$$$,,stripped_crimson_stem,crimson_slab,,,,,,,,
731,绯红菌板,18019,nw:shelf_plank,1,1,,1,,,1,,###,$$$,,crimson_planks,crimson_slab,,,,,,,,
732,去皮绯红菌核板,18020,nw:shelf_strpped,1,1,,1,,,1,,###,$$$,,stripped_crimson_hyphae,crimson_slab,,,,,,,,
733,绯红菌衬布支架,18021,nw:wall_shelf_cloth,1,1,,1,,,1,,###,$$$,%$%,#wool,crimson_slab,stick,,,,,,,
734,去皮绯红菌柄支架,18022,nw:wall_shelf_stripped_log,1,1,,1,,,1,,###,$$$,%$%,stripped_crimson_stem,crimson_slab,stick,,,,,,,
735,绯红菌木板支架,18023,nw:wall_shelf_plank,1,1,,1,,,1,,###,$$$,%$%,crimson_planks,crimson_slab,stick,,,,,,,
736,去皮绯红菌核支架,18024,nw:wall_shelf_strpped,1,1,,1,,,1,,###,$$$,%$%,stripped_crimson_hyphae,crimson_slab,stick,,,,,,,
737,绯红菌扶手坐垫椅,18025,nw:armchair_cushion,1,,1,1,,1,1,,$#$,###,$%$,#wool,crimson_planks,stick,,,,,,,
738,去皮绯红菌柄扶手椅,18026,nw:armchair_stripped_log,1,,1,1,,1,1,,$#$,###,$%$,stripped_crimson_stem,crimson_planks,stick,,,,,,,
739,绯红菌木板扶手椅,18027,nw:armchair_plank,1,,1,1,,1,1,,$#$,###,$%$,crimson_planks,crimson_planks,stick,,,,,,,
740,去皮绯红菌核扶手椅,18028,nw:armchair_stripped,1,,1,1,,1,1,,$#$,###,$%$,stripped_crimson_hyphae,crimson_planks,stick,,,,,,,
741,绯红菌柄倾斜上支撑,18029,nw:pillar_tilt_up_log,1,,,1,,,,,,,,,,,,,,,,,743
742,绯红菌柄支撑,18030,nw:pillar_log,1,,,1,,,1,,# #,#,# #,crimson_stem,,,,,,,,,741
743,绯红菌柄倾斜下支撑,18031,nw:pillar_tilt_down_log,1,,,1,,,,,,,,,,,,,,,,,742
744,绯红菌柄堆,18032,nw:pile_log,1,,,1,,1,1,,,#,###,crimson_stem,,,,,,,,,
745,系绳横绯红菌柄,18033,nw:roped_horizontal_log,1,,,1,,,1,,$,###,$,crimson_stem,lead,,,,,,,,746
746,系绳竖绯红菌柄,18034,nw:roped_vertical_log,1,1,,1,,,,,,,,,,,,,,,,,745
747,系绳横去皮绯红菌柄,18035,nw:roped_horizontal_stripped_log,1,,,1,,,1,,$,###,$,stripped_crimson_stem,lead,,,,,,,,748
748,系绳竖去皮绯红菌柄,18036,nw:roped_vertical_stripped_log,1,1,,1,,,,,,,,,,,,,,,,,747
749,去皮绯红菌柄倾斜上支撑,18037,nw:pillar_tilt_up_stripped_log,1,,,1,,,,,,,,,,,,,,,,,751
750,去皮绯红菌柄支撑,18038,nw:pillar_stripped_log,1,,,1,,,1,,# #,#,# #,stripped_crimson_stem,,,,,,,,,749
751,去皮绯红菌柄倾斜下支撑,18039,nw:pillar_tilt_down_stripped_log,1,,,1,,,,,,,,,,,,,,,,,750
752,捆扎的绯红菌柄堆,18040,nw:roped_pile_log,1,,,1,,1,1,,$,#,###,crimson_stem,lead,,,,,,,,
753,绯红菌靠背椅,18041,nw:bench_middle,1,,1,1,,,1,,#,###,$$$,stripped_crimson_hyphae,crimson_slab,,,,,,,,
754,绯红菌秋千,18042,nw:bench_swing,1,,1,1,,,1,,#%,###,$$$,stripped_crimson_hyphae,crimson_slab,lead,,,,,,,
755,绯红菌长椅左扶手,18043,nw:bench_left,1,,1,1,,,1,,##,###,$%%,stripped_crimson_hyphae,crimson_planks,crimson_slab,,,,,,,756
756,绯红菌长椅右扶手,18044,nw:bench_right,1,,1,1,,,,,,,,,,,,,,,,,755
757,绯红菌坐垫靠背椅,18045,nw:bench_middle_cushion,1,,1,1,,,1,,#,###,$$$,#wool,crimson_slab,,,,,,,,
758,绯红菌坐垫秋千,18046,nw:bench_swing_cushion,1,,1,1,,,1,,#%,###,$$$,#wool,crimson_slab,lead,,,,,,,
759,绯红菌坐垫长椅左扶手,18047,nw:bench_left_cushion,1,,1,1,,,1,,##,###,$%%,#wool,crimson_planks,crimson_slab,,,,,,,760
760,绯红菌坐垫长椅右扶手,18048,nw:bench_right_cushion,1,,1,1,,,,,,,,,,,,,,,,,759
761,系绳绯红菌柄单栅栏,18049,nw:roped_fence_log,1,1,,1,,,1,,$,$#$,$%,crimson_stem,crimson_fence,lead,,,,,,,762
762,系绳绯红菌柄单向栅栏,18050,nw:roped_fence_single_end_log,1,1,,1,,,,,,,,,,,,,,,,,763
763,系绳绯红菌柄双向栅栏,18051,nw:roped_fence_double_end_log,1,1,,1,,,,,,,,,,,,,,,,,764
764,系绳绯红菌柄三向栅栏,18052,nw:roped_fence_triple_end_log,1,1,,1,,,,,,,,,,,,,,,,,765
765,系绳绯红菌柄对向栅栏,18053,nw:roped_fence_opposite_end_log,1,1,,1,,,,,,,,,,,,,,,,,766
766,系绳绯红菌柄四向栅栏,18054,nw:roped_fence_quadruple_end_log,1,1,,1,,,,,,,,,,,,,,,,,761
767,系绳去皮绯红菌柄单栅栏,18055,nw:roped_fence_stripped_log,1,1,,1,,,1,,$,$#$,$%,stripped_crimson_stem,crimson_fence,lead,,,,,,,768
768,系绳去皮绯红菌柄单向栅栏,18056,nw:roped_fence_single_end_stripped_log,1,1,,1,,,,,,,,,,,,,,,,,769
769,系绳去皮绯红菌柄双向栅栏,18057,nw:roped_fence_double_end_stripped_log,1,1,,1,,,,,,,,,,,,,,,,,770
770,系绳去皮绯红菌柄三向栅栏,18058,nw:roped_fence_triple_end_stripped_log,1,1,,1,,,,,,,,,,,,,,,,,771
771,系绳去皮绯红菌柄对向栅栏,18059,nw:roped_fence_opposite_end_stripped_log,1,1,,1,,,,,,,,,,,,,,,,,772
772,系绳去皮绯红菌柄四向栅栏,18060,nw:roped_fence_quadruple_end_stripped_log,1,1,,1,,,,,,,,,,,,,,,,,767
773,绯红菌柄单栅栏,18061,nw:fence_log,1,1,,1,,,1,,$,$#$,$,crimson_stem,crimson_fence,,,,,,,,774
774,绯红菌柄单向栅栏,18062,nw:fence_single_end_log,1,1,,1,,,,,,,,,,,,,,,,,775
775,绯红菌柄双向栅栏,18063,nw:fence_double_end_log,1,1,,1,,,,,,,,,,,,,,,,,776
776,绯红菌柄三向栅栏,18064,nw:fence_triple_end_log,1,1,,1,,,,,,,,,,,,,,,,,777
777,绯红菌柄对向栅栏,18065,nw:fence_opposite_end_log,1,1,,1,,,,,,,,,,,,,,,,,778
778,绯红菌柄四向栅栏,18066,nw:fence_quadruple_end_log,1,1,,1,,,,,,,,,,,,,,,,,773
779,去皮绯红菌柄单栅栏,18067,nw:fence_stripped_log,1,1,,1,,,1,,$,$#$,$,stripped_crimson_stem,crimson_fence,,,,,,,,780
780,去皮绯红菌柄单向栅栏,18068,nw:fence_single_end_stripped_log,1,1,,1,,,,,,,,,,,,,,,,,781
781,去皮绯红菌柄双向栅栏,18069,nw:fence_double_end_stripped_log,1,1,,1,,,,,,,,,,,,,,,,,782
782,去皮绯红菌柄三向栅栏,18070,nw:fence_triple_end_stripped_log,1,1,,1,,,,,,,,,,,,,,,,,783
783,去皮绯红菌柄对向栅栏,18071,nw:fence_opposite_end_stripped_log,1,1,,1,,,,,,,,,,,,,,,,,784
784,去皮绯红菌柄四向栅栏,18072,nw:fence_quadruple_end_stripped_log,1,1,,1,,,,,,,,,,,,,,,,,779
785,绯红菌双扶手,18073,nw:handrail_double,1,,,,,,1,,# #,$ $,% %,stripped_crimson_hyphae,crimson_planks,stick,,,,,,,
786,绯红菌右扶手,18074,nw:handrail_right,1,,,,,,1,,#%,$%,%,stripped_crimson_hyphae,crimson_planks,stick,,,,,,,787
787,绯红菌左扶手,18075,nw:handrail_left,1,,,,,,,,,,,,,,,,,,,,786
788,绯红菌软垫双扶手,18076,nw:handrail_double_cushion,1,,,,,,1,,# #,$%$,% %,#wool,crimson_planks,stick,,,,,,,
789,绯红菌软垫右扶手,18077,nw:handrail_right_cushion,1,,,,,,1,,#%,$%,%,#wool,crimson_planks,stick,,,,,,,790
790,绯红菌软垫左扶手,18078,nw:handrail_left_cushion,1,,,,,,,,,,,,,,,,,,,,789
791,绯红菌酒吧门,18079,nw:bar_gate,,,,1,,,1,,,$#$,,crimson_door,stripped_crimson_hyphae,,,,,,,,
792,绯红菌木质花盆,18081,nw:wooden_pot,1,,,1,,,1,,# #,#$#,###,stripped_crimson_stem,podzol,,,,,,,,
793,绯红菌小树,18082,nw:small_tree,1,,,1,,,1,,$$$,$#$,#,crimson_stem,nether_wart_block,,,,,,,,
794,绯红菌双色遮阳棚,18087,nw:dual_color_parasol,1,,,,,,1,,###,$ $,% %,#wool_carpets,crimson_slab,stick,,,,,,,
795,诡异菌坐垫椅,19001,nw:chair_cushion,1,,1,1,,1,1,,#,###,$%$,#wool,warped_planks,stick,,,,,,,
796,去皮诡异菌柄椅,19002,nw:chair_stripped_log,1,,1,1,,1,1,,#,###,$%$,stripped_warped_stem,warped_planks,stick,,,,,,,
797,去皮诡异菌柄桌,19003,nw:table_stripped_log,1,1,,1,,,1,,,###,$%$,stripped_warped_stem,warped_fence,stick,,,,,,,
798,诡异菌衬布桌,19004,nw:table_cloth,1,1,,1,,,1,,,###,$%$,#wool,warped_fence,stick,,,,,,,
799,去皮诡异菌柄凳,19005,nw:stool_stripped_log,1,,1,1,,1,1,,,###,$%$,stripped_warped_stem,warped_slab,stick,,,,,,,
800,诡异菌坐垫凳,19006,nw:stool_cushion,1,,1,1,,1,1,,,###,$%$,#wool,warped_slab,stick,,,,,,,
801,诡异菌木板椅,19007,nw:chair_plank,1,,1,1,,1,1,,#,###,$%$,warped_planks,warped_planks,stick,,,,,,,
802,诡异菌木板桌,19008,nw:table_plank,1,1,,1,,,1,,,###,$%$,warped_planks,warped_fence,stick,,,,,,,
803,诡异菌木板凳,19009,nw:stool_plank,1,,1,1,,1,1,,,###,$%$,warped_planks,warped_slab,stick,,,,,,,
804,去皮诡异菌核椅,19010,nw:chair_stripped,1,,1,1,,1,1,,#,###,$%$,stripped_warped_hyphae,warped_planks,stick,,,,,,,
805,去皮诡异菌核桌,19011,nw:table_stripped,1,1,,1,,,1,,,###,$%$,stripped_warped_hyphae,warped_fence,stick,,,,,,,
806,去皮诡异菌核凳,19012,nw:stool_stripped,1,,1,1,,1,1,,,###,$%$,stripped_warped_hyphae,warped_slab,stick,,,,,,,
807,单腿诡异菌衬布桌,19013,nw:table_cloth_oneleg,1,1,,1,,,1,,,###,$,#wool,warped_fence,,,,,,,,
808,单腿诡异菌木板桌,19015,nw:table_plank_oneleg,1,1,,1,,,1,,,###,$,warped_planks,warped_fence,,,,,,,,
809,单腿去皮诡异菌柄桌,19014,nw:table_stripped_log_oneleg,1,1,,1,,,1,,,###,$,stripped_warped_stem,warped_fence,,,,,,,,
810,单腿去皮诡异菌核桌,19016,nw:table_stripped_oneleg,1,1,,1,,,1,,,###,$,stripped_warped_hyphae,warped_fence,,,,,,,,
811,诡异菌衬布板,19017,nw:shelf_cloth,1,1,,1,,,1,,###,$$$,,#wool,warped_slab,,,,,,,,
812,去皮诡异菌柄板,19018,nw:shelf_stripped_log,1,1,,1,,,1,,###,$$$,,stripped_warped_stem,warped_slab,,,,,,,,
813,诡异菌板,19019,nw:shelf_plank,1,1,,1,,,1,,###,$$$,,warped_planks,warped_slab,,,,,,,,
814,去皮诡异菌核板,19020,nw:shelf_strpped,1,1,,1,,,1,,###,$$$,,stripped_warped_hyphae,warped_slab,,,,,,,,
815,诡异菌衬布支架,19021,nw:wall_shelf_cloth,1,1,,1,,,1,,###,$$$,%$%,#wool,warped_slab,stick,,,,,,,
816,去皮诡异菌柄支架,19022,nw:wall_shelf_stripped_log,1,1,,1,,,1,,###,$$$,%$%,stripped_warped_stem,warped_slab,stick,,,,,,,
817,诡异菌木板支架,19023,nw:wall_shelf_plank,1,1,,1,,,1,,###,$$$,%$%,warped_planks,warped_slab,stick,,,,,,,
818,去皮诡异菌核支架,19024,nw:wall_shelf_strpped,1,1,,1,,,1,,###,$$$,%$%,stripped_warped_hyphae,warped_slab,stick,,,,,,,
819,诡异菌扶手坐垫椅,19025,nw:armchair_cushion,1,,1,1,,1,1,,$#$,###,$%$,#wool,warped_planks,stick,,,,,,,
820,去皮诡异菌柄扶手椅,19026,nw:armchair_stripped_log,1,,1,1,,1,1,,$#$,###,$%$,stripped_warped_stem,warped_planks,stick,,,,,,,
821,诡异菌木板扶手椅,19027,nw:armchair_plank,1,,1,1,,1,1,,$#$,###,$%$,warped_planks,warped_planks,stick,,,,,,,
822,去皮诡异菌核扶手椅,19028,nw:armchair_stripped,1,,1,1,,1,1,,$#$,###,$%$,stripped_warped_hyphae,warped_planks,stick,,,,,,,
823,诡异菌柄倾斜上支撑,19029,nw:pillar_tilt_up_log,1,,,1,,,,,,,,,,,,,,,,,825
824,诡异菌柄支撑,19030,nw:pillar_log,1,,,1,,,1,,# #,#,# #,warped_stem,,,,,,,,,823
825,诡异菌柄倾斜下支撑,19031,nw:pillar_tilt_down_log,1,,,1,,,,,,,,,,,,,,,,,824
826,诡异菌柄堆,19032,nw:pile_log,1,,,1,,1,1,,,#,###,warped_stem,,,,,,,,,
827,系绳横诡异菌柄,19033,nw:roped_horizontal_log,1,,,1,,,1,,$,###,$,warped_stem,lead,,,,,,,,828
828,系绳竖诡异菌柄,19034,nw:roped_vertical_log,1,1,,1,,,,,,,,,,,,,,,,,827
829,系绳横去皮诡异菌柄,19035,nw:roped_horizontal_stripped_log,1,,,1,,,1,,$,###,$,stripped_warped_stem,lead,,,,,,,,830
830,系绳竖去皮诡异菌柄,19036,nw:roped_vertical_stripped_log,1,1,,1,,,,,,,,,,,,,,,,,829
831,去皮诡异菌柄倾斜上支撑,19037,nw:pillar_tilt_up_stripped_log,1,,,1,,,,,,,,,,,,,,,,,833
832,去皮诡异菌柄支撑,19038,nw:pillar_stripped_log,1,,,1,,,1,,# #,#,# #,stripped_warped_stem,,,,,,,,,831
833,去皮诡异菌柄倾斜下支撑,19039,nw:pillar_tilt_down_stripped_log,1,,,1,,,,,,,,,,,,,,,,,832
834,捆扎的诡异菌柄堆,19040,nw:roped_pile_log,1,,,1,,1,1,,$,#,###,warped_stem,lead,,,,,,,,
835,诡异菌靠背椅,19041,nw:bench_middle,1,,1,1,,,1,,#,###,$$$,stripped_warped_hyphae,warped_slab,,,,,,,,
836,诡异菌秋千,19042,nw:bench_swing,1,,1,1,,,1,,#%,###,$$$,stripped_warped_hyphae,warped_slab,lead,,,,,,,
837,诡异菌长椅左扶手,19043,nw:bench_left,1,,1,1,,,1,,##,###,$%%,stripped_warped_hyphae,warped_planks,warped_slab,,,,,,,838
838,诡异菌长椅右扶手,19044,nw:bench_right,1,,1,1,,,,,,,,,,,,,,,,,837
839,诡异菌坐垫靠背椅,19045,nw:bench_middle_cushion,1,,1,1,,,1,,#,###,$$$,#wool,warped_slab,,,,,,,,
840,诡异菌坐垫秋千,19046,nw:bench_swing_cushion,1,,1,1,,,1,,#%,###,$$$,#wool,warped_slab,lead,,,,,,,
841,诡异菌坐垫长椅左扶手,19047,nw:bench_left_cushion,1,,1,1,,,1,,##,###,$%%,#wool,warped_planks,warped_slab,,,,,,,842
842,诡异菌坐垫长椅右扶手,19048,nw:bench_right_cushion,1,,1,1,,,,,,,,,,,,,,,,,841
843,系绳诡异菌柄单栅栏,19049,nw:roped_fence_log,1,1,,1,,,1,,$,$#$,$%,warped_stem,warped_fence,lead,,,,,,,844
844,系绳诡异菌柄单向栅栏,19050,nw:roped_fence_single_end_log,1,1,,1,,,,,,,,,,,,,,,,,845
845,系绳诡异菌柄双向栅栏,19051,nw:roped_fence_double_end_log,1,1,,1,,,,,,,,,,,,,,,,,846
846,系绳诡异菌柄三向栅栏,19052,nw:roped_fence_triple_end_log,1,1,,1,,,,,,,,,,,,,,,,,847
847,系绳诡异菌柄对向栅栏,19053,nw:roped_fence_opposite_end_log,1,1,,1,,,,,,,,,,,,,,,,,848
848,系绳诡异菌柄四向栅栏,19054,nw:roped_fence_quadruple_end_log,1,1,,1,,,,,,,,,,,,,,,,,843
849,系绳去皮诡异菌柄单栅栏,19055,nw:roped_fence_stripped_log,1,1,,1,,,1,,$,$#$,$%,stripped_warped_stem,warped_fence,lead,,,,,,,850
850,系绳去皮诡异菌柄单向栅栏,19056,nw:roped_fence_single_end_stripped_log,1,1,,1,,,,,,,,,,,,,,,,,851
851,系绳去皮诡异菌柄双向栅栏,19057,nw:roped_fence_double_end_stripped_log,1,1,,1,,,,,,,,,,,,,,,,,852
852,系绳去皮诡异菌柄三向栅栏,19058,nw:roped_fence_triple_end_stripped_log,1,1,,1,,,,,,,,,,,,,,,,,853
853,系绳去皮诡异菌柄对向栅栏,19059,nw:roped_fence_opposite_end_stripped_log,1,1,,1,,,,,,,,,,,,,,,,,854
854,系绳去皮诡异菌柄四向栅栏,19060,nw:roped_fence_quadruple_end_stripped_log,1,1,,1,,,,,,,,,,,,,,,,,849
855,诡异菌柄单栅栏,19061,nw:fence_log,1,1,,1,,,1,,$,$#$,$,warped_stem,warped_fence,,,,,,,,856
856,诡异菌柄单向栅栏,19062,nw:fence_single_end_log,1,1,,1,,,,,,,,,,,,,,,,,857
857,诡异菌柄双向栅栏,19063,nw:fence_double_end_log,1,1,,1,,,,,,,,,,,,,,,,,858
858,诡异菌柄三向栅栏,19064,nw:fence_triple_end_log,1,1,,1,,,,,,,,,,,,,,,,,859
859,诡异菌柄对向栅栏,19065,nw:fence_opposite_end_log,1,1,,1,,,,,,,,,,,,,,,,,860
860,诡异菌柄四向栅栏,19066,nw:fence_quadruple_end_log,1,1,,1,,,,,,,,,,,,,,,,,855
861,去皮诡异菌柄单栅栏,19067,nw:fence_stripped_log,1,1,,1,,,1,,$,$#$,$,stripped_warped_stem,warped_fence,,,,,,,,862
862,去皮诡异菌柄单向栅栏,19068,nw:fence_single_end_stripped_log,1,1,,1,,,,,,,,,,,,,,,,,863
863,去皮诡异菌柄双向栅栏,19069,nw:fence_double_end_stripped_log,1,1,,1,,,,,,,,,,,,,,,,,864
864,去皮诡异菌柄三向栅栏,19070,nw:fence_triple_end_stripped_log,1,1,,1,,,,,,,,,,,,,,,,,865
865,去皮诡异菌柄对向栅栏,19071,nw:fence_opposite_end_stripped_log,1,1,,1,,,,,,,,,,,,,,,,,866
866,去皮诡异菌柄四向栅栏,19072,nw:fence_quadruple_end_stripped_log,1,1,,1,,,,,,,,,,,,,,,,,861
867,诡异菌双扶手,19073,nw:handrail_double,1,,,,,,1,,# #,$ $,% %,stripped_warped_hyphae,warped_planks,stick,,,,,,,
868,诡异菌右扶手,19074,nw:handrail_right,1,,,,,,1,,#%,$%,%,stripped_warped_hyphae,warped_planks,stick,,,,,,,869
869,诡异菌左扶手,19075,nw:handrail_left,1,,,,,,,,,,,,,,,,,,,,868
870,诡异菌软垫双扶手,19076,nw:handrail_double_cushion,1,,,,,,1,,# #,$%$,% %,#wool,warped_planks,stick,,,,,,,
871,诡异菌软垫右扶手,19077,nw:handrail_right_cushion,1,,,,,,1,,#%,$%,%,#wool,warped_planks,stick,,,,,,,872
872,诡异菌软垫左扶手,19078,nw:handrail_left_cushion,1,,,,,,,,,,,,,,,,,,,,871
873,诡异菌酒吧门,19079,nw:bar_gate,,,,1,,,1,,,$#$,,warped_door,stripped_warped_hyphae,,,,,,,,
874,诡异菌木质花盆,19081,nw:wooden_pot,1,,,1,,,1,,# #,#$#,###,stripped_warped_stem,podzol,,,,,,,,
875,诡异菌小树,19082,nw:small_tree,1,,,1,,,1,,$$$,$#$,#,warped_stem,warped_wart_block,,,,,,,,
876,诡异菌双色遮阳棚,19087,nw:dual_color_parasol,1,,,,,,1,,###,$ $,% %,#wool_carpets,warped_slab,stick,,,,,,,
877,竹块坐垫椅,20001,nw:chair_cushion,1,,1,1,,1,1,,#,###,$%$,#wool,bamboo_planks,bamboo,,,,,,,
878,去皮竹块椅,20002,nw:chair_stripped_log,1,,1,1,,1,1,,#,###,$%$,stripped_bamboo_block,bamboo_planks,bamboo,,,,,,,
879,去皮竹块桌,20003,nw:table_stripped_log,1,1,,1,,,1,,,###,$%$,stripped_bamboo_block,bamboo_fence,bamboo,,,,,,,
880,竹块衬布桌,20004,nw:table_cloth,1,1,,1,,,1,,,###,$%$,#wool,bamboo_fence,bamboo,,,,,,,
881,去皮竹块凳,20005,nw:stool_stripped_log,1,,1,1,,1,1,,,###,$%$,stripped_bamboo_block,bamboo_slab,bamboo,,,,,,,
882,竹块坐垫凳,20006,nw:stool_cushion,1,,1,1,,1,1,,,###,$%$,#wool,bamboo_slab,bamboo,,,,,,,
883,竹板椅,20007,nw:chair_plank,1,,1,1,,1,1,,#,###,$%$,bamboo_planks,bamboo_planks,bamboo,,,,,,,
884,竹板桌,20008,nw:table_plank,1,1,,1,,,1,,,###,$%$,bamboo_planks,bamboo_fence,bamboo,,,,,,,
885,竹板凳,20009,nw:stool_plank,1,,1,1,,1,1,,,###,$%$,bamboo_planks,bamboo_slab,bamboo,,,,,,,
886,竹马赛克椅,20010,nw:chair_stripped,1,,1,1,,1,1,,#,###,$%$,bamboo_mosaic,bamboo_planks,bamboo,,,,,,,
887,竹马赛克桌,20011,nw:table_stripped,1,1,,1,,,1,,,###,$%$,bamboo_mosaic,bamboo_fence,bamboo,,,,,,,
888,竹马赛克凳,20012,nw:stool_stripped,1,,1,1,,1,1,,,###,$%$,bamboo_mosaic,bamboo_slab,bamboo,,,,,,,
889,单腿竹块衬布桌,20013,nw:table_cloth_oneleg,1,1,,1,,,1,,,###,$,#wool,bamboo_fence,,,,,,,,
890,单腿竹板桌,20015,nw:table_plank_oneleg,1,1,,1,,,1,,,###,$,bamboo_planks,bamboo_fence,,,,,,,,
891,单腿去皮竹块桌,20014,nw:table_stripped_log_oneleg,1,1,,1,,,1,,,###,$,stripped_bamboo_block,bamboo_fence,,,,,,,,
892,单腿竹马赛克桌,20016,nw:table_stripped_oneleg,1,1,,1,,,1,,,###,$,bamboo_mosaic,bamboo_fence,,,,,,,,
893,竹块衬布板,20017,nw:shelf_cloth,1,1,,1,,,1,,###,$$$,,#wool,bamboo_slab,,,,,,,,
894,去皮竹块板,20018,nw:shelf_stripped_log,1,1,,1,,,1,,###,$$$,,stripped_bamboo_block,bamboo_slab,,,,,,,,
895,竹块板,20019,nw:shelf_plank,1,1,,1,,,1,,###,$$$,,bamboo_planks,bamboo_slab,,,,,,,,
896,竹马赛克板,20020,nw:shelf_strpped,1,1,,1,,,1,,###,$$$,,bamboo_mosaic,bamboo_slab,,,,,,,,
897,竹块衬布支架,20021,nw:wall_shelf_cloth,1,1,,1,,,1,,###,$$$,%$%,#wool,bamboo_slab,bamboo,,,,,,,
898,去皮竹块支架,20022,nw:wall_shelf_stripped_log,1,1,,1,,,1,,###,$$$,%$%,stripped_bamboo_block,bamboo_slab,bamboo,,,,,,,
899,竹板支架,20023,nw:wall_shelf_plank,1,1,,1,,,1,,###,$$$,%$%,bamboo_planks,bamboo_slab,bamboo,,,,,,,
900,竹马赛克支架,20024,nw:wall_shelf_strpped,1,1,,1,,,1,,###,$$$,%$%,bamboo_mosaic,bamboo_slab,bamboo,,,,,,,
901,竹块扶手坐垫椅,20025,nw:armchair_cushion,1,,1,1,,1,1,,$#$,###,$%$,#wool,bamboo_planks,bamboo,,,,,,,
902,去皮竹块扶手椅,20026,nw:armchair_stripped_log,1,,1,1,,1,1,,$#$,###,$%$,stripped_bamboo_block,bamboo_planks,bamboo,,,,,,,
903,竹板扶手椅,20027,nw:armchair_plank,1,,1,1,,1,1,,$#$,###,$%$,bamboo_planks,bamboo_planks,bamboo,,,,,,,
904,竹马赛克扶手椅,20028,nw:armchair_stripped,1,,1,1,,1,1,,$#$,###,$%$,bamboo_mosaic,bamboo_planks,bamboo,,,,,,,
905,竹块倾斜上支撑,20029,nw:pillar_tilt_up_log,1,,,1,,,,,,,,,,,,,,,,,907
906,竹块支撑,20030,nw:pillar_log,1,,,1,,,1,,# #,#,# #,bamboo_block,,,,,,,,,905
907,竹块倾斜下支撑,20031,nw:pillar_tilt_down_log,1,,,1,,,,,,,,,,,,,,,,,906
908,竹块堆,20032,nw:pile_log,1,,,1,,1,1,,,#,###,bamboo_block,,,,,,,,,
909,系绳横竹块,20033,nw:roped_horizontal_log,1,,,1,,,1,,$,###,$,bamboo_block,lead,,,,,,,,910
910,系绳竖竹块,20034,nw:roped_vertical_log,1,1,,1,,,,,,,,,,,,,,,,,909
911,系绳横去皮竹块,20035,nw:roped_horizontal_stripped_log,1,,,1,,,1,,$,###,$,stripped_bamboo_block,lead,,,,,,,,912
912,系绳竖去皮竹块,20036,nw:roped_vertical_stripped_log,1,1,,1,,,,,,,,,,,,,,,,,911
913,去皮竹块倾斜上支撑,20037,nw:pillar_tilt_up_stripped_log,1,,,1,,,,,,,,,,,,,,,,,915
914,去皮竹块支撑,20038,nw:pillar_stripped_log,1,,,1,,,1,,# #,#,# #,stripped_bamboo_block,,,,,,,,,913
915,去皮竹块倾斜下支撑,20039,nw:pillar_tilt_down_stripped_log,1,,,1,,,,,,,,,,,,,,,,,914
916,捆扎的竹块堆,20040,nw:roped_pile_log,1,,,1,,1,1,,$,#,###,bamboo_block,lead,,,,,,,,
917,竹块靠背椅,20041,nw:bench_middle,1,,1,1,,,1,,#,###,$$$,bamboo_mosaic,bamboo_slab,,,,,,,,
918,竹块秋千,20042,nw:bench_swing,1,,1,1,,,1,,#%,###,$$$,bamboo_mosaic,bamboo_slab,lead,,,,,,,
919,竹块长椅左扶手,20043,nw:bench_left,1,,1,1,,,1,,##,###,$%%,bamboo_mosaic,bamboo_planks,bamboo_slab,,,,,,,920
920,竹块长椅右扶手,20044,nw:bench_right,1,,1,1,,,,,,,,,,,,,,,,,919
921,竹块坐垫靠背椅,20045,nw:bench_middle_cushion,1,,1,1,,,1,,#,###,$$$,#wool,bamboo_slab,,,,,,,,
922,竹块坐垫秋千,20046,nw:bench_swing_cushion,1,,1,1,,,1,,#%,###,$$$,#wool,bamboo_slab,lead,,,,,,,
923,竹块坐垫长椅左扶手,20047,nw:bench_left_cushion,1,,1,1,,,1,,##,###,$%%,#wool,bamboo_planks,bamboo_slab,,,,,,,924
924,竹块坐垫长椅右扶手,20048,nw:bench_right_cushion,1,,1,1,,,,,,,,,,,,,,,,,923
925,系绳竹块单栅栏,20049,nw:roped_fence_log,1,1,,1,,,1,,$,$#$,$%,bamboo_block,bamboo_fence,lead,,,,,,,926
926,系绳竹块单向栅栏,20050,nw:roped_fence_single_end_log,1,1,,1,,,,,,,,,,,,,,,,,927
927,系绳竹块双向栅栏,20051,nw:roped_fence_double_end_log,1,1,,1,,,,,,,,,,,,,,,,,928
928,系绳竹块三向栅栏,20052,nw:roped_fence_triple_end_log,1,1,,1,,,,,,,,,,,,,,,,,929
929,系绳竹块对向栅栏,20053,nw:roped_fence_opposite_end_log,1,1,,1,,,,,,,,,,,,,,,,,930
930,系绳竹块四向栅栏,20054,nw:roped_fence_quadruple_end_log,1,1,,1,,,,,,,,,,,,,,,,,925
931,系绳去皮竹块单栅栏,20055,nw:roped_fence_stripped_log,1,1,,1,,,1,,$,$#$,$%,stripped_bamboo_block,bamboo_fence,lead,,,,,,,932
932,系绳去皮竹块单向栅栏,20056,nw:roped_fence_single_end_stripped_log,1,1,,1,,,,,,,,,,,,,,,,,933
933,系绳去皮竹块双向栅栏,20057,nw:roped_fence_double_end_stripped_log,1,1,,1,,,,,,,,,,,,,,,,,934
934,系绳去皮竹块三向栅栏,20058,nw:roped_fence_triple_end_stripped_log,1,1,,1,,,,,,,,,,,,,,,,,935
935,系绳去皮竹块对向栅栏,20059,nw:roped_fence_opposite_end_stripped_log,1,1,,1,,,,,,,,,,,,,,,,,936
936,系绳去皮竹块四向栅栏,20060,nw:roped_fence_quadruple_end_stripped_log,1,1,,1,,,,,,,,,,,,,,,,,931
937,竹块单栅栏,20061,nw:fence_log,1,1,,1,,,1,,$,$#$,$,bamboo_block,bamboo_fence,,,,,,,,938
938,竹块单向栅栏,20062,nw:fence_single_end_log,1,1,,1,,,,,,,,,,,,,,,,,939
939,竹块双向栅栏,20063,nw:fence_double_end_log,1,1,,1,,,,,,,,,,,,,,,,,940
940,竹块三向栅栏,20064,nw:fence_triple_end_log,1,1,,1,,,,,,,,,,,,,,,,,941
941,竹块对向栅栏,20065,nw:fence_opposite_end_log,1,1,,1,,,,,,,,,,,,,,,,,942
942,竹块四向栅栏,20066,nw:fence_quadruple_end_log,1,1,,1,,,,,,,,,,,,,,,,,937
943,去皮竹块单栅栏,20067,nw:fence_stripped_log,1,1,,1,,,1,,$,$#$,$,stripped_bamboo_block,bamboo_fence,,,,,,,,944
944,去皮竹块单向栅栏,20068,nw:fence_single_end_stripped_log,1,1,,1,,,,,,,,,,,,,,,,,945
945,去皮竹块双向栅栏,20069,nw:fence_double_end_stripped_log,1,1,,1,,,,,,,,,,,,,,,,,946
946,去皮竹块三向栅栏,20070,nw:fence_triple_end_stripped_log,1,1,,1,,,,,,,,,,,,,,,,,947
947,去皮竹块对向栅栏,20071,nw:fence_opposite_end_stripped_log,1,1,,1,,,,,,,,,,,,,,,,,948
948,去皮竹块四向栅栏,20072,nw:fence_quadruple_end_stripped_log,1,1,,1,,,,,,,,,,,,,,,,,943
949,竹双扶手,20073,nw:handrail_double,1,,,,,,1,,# #,$ $,% %,bamboo_mosaic,bamboo_planks,bamboo,,,,,,,
950,竹右扶手,20074,nw:handrail_right,1,,,,,,1,,#%,$%,%,bamboo_mosaic,bamboo_planks,bamboo,,,,,,,951
951,竹左扶手,20075,nw:handrail_left,1,,,,,,,,,,,,,,,,,,,,950
952,竹软垫双扶手,20076,nw:handrail_double_cushion,1,,,,,,1,,# #,$%$,% %,#wool,bamboo_planks,bamboo,,,,,,,
953,竹软垫右扶手,20077,nw:handrail_right_cushion,1,,,,,,1,,#%,$%,%,#wool,bamboo_planks,bamboo,,,,,,,954
954,竹软垫左扶手,20078,nw:handrail_left_cushion,1,,,,,,,,,,,,,,,,,,,,953
955,竹酒吧门,20079,nw:bar_gate,,,,1,,,1,,,$#$,,bamboo_door,bamboo_mosaic,,,,,,,,
956,竹木质花盆,20081,nw:wooden_pot,1,,,1,,,1,,# #,#$#,###,stripped_bamboo_block,podzol,,,,,,,,
957,竹小树,20082,nw:small_tree,1,,,1,,,1,,$$$,$#$,#,bamboo_block,bamboo,,,,,,,,
958,竹双色遮阳棚,20087,nw:dual_color_parasol,1,,,,,,1,,###,$ $,% %,#wool_carpets,bamboo_slab,bamboo,,,,,,,
959,《染色指南》染色操作台,5002,nw:stain_table,,,,1,,,1,,$ $,$%$,###,#wooden_slabs,stick,book,,,,,,,
960,家具去色魔法锅,6003,nw:decolor_cauldron,,,,1,,,1,1,,,,cauldron,brush,water_bucket,,,,,,,
961,签字台,5003,nw:sign_table,,,,1,,,1,,,$%&,###,#wooden_slabs,feather,paper,ink_sac,,,,,,
962,祝福圣台,6001,ng:blessing_table,,,,1,,,1,,%,#$#,###,#wooden_slabs,amethyst_block,amethyst_shard,,,,,,,
963,液压机,6004,ng:hydraulic_press,,,,1,,,1,,#,%$%,%%%,piston,iron_block,#planks,,,,,,,
964,友谊的新枝,7001,ng:friend_slate,,,,1,,,1,,#$#, # ,,brick,amethyst_shard,,,,,,,,
965,相机A,25001,,1,,,,,1,,,,,,,,,,,,,,,966
966,相机B,25002,,1,,,,,1,,,,,,,,,,,,,,,967
967,相机C,25003,,1,,,,,1,,,,,,,,,,,,,,,965
968,相纸A,25004,,1,,,,,,1,1,,,,paper,item_frame,,,,,,,,969
969,相纸B,25005,,1,,,,,,,,,,,,,,,,,,,,970
970,相纸C,25006,,1,,,,,,,,,,,,,,,,,,,,968
971,散落的相纸,25007,,1,,,,,1,1,,###,#$#,###,paper,item_frame,,,,,,,,
972,液体盒A,25008,,1,,,,,,,,,,,,,,,,,,,,
973,液体盒B,25009,,1,,,,,,,,,,,,,,,,,,,,
974,小木梯,25010,,1,,,1,,1,,,,,,,,,,,,,,,
975,雨伞架,25011,,1,,,,,1,,,,,,,,,,,,,,,
976,杂志堆,25012,,1,,,,,1,,,,,,,,,,,,,,,
977,裁纸刀,25013,,1,,,,,,,,,,,,,,,,,,,,
978,爱心马克杯,25014,,1,,,,,1,,,,,,,,,,,,,,,
979,大灯,25017,,,,,,,1,,,,,,,,,,,,,,,980
980,闲置的大灯,25016,,1,,,,,1,,,,,,,,,,,,,,,979
981,柔光灯,25019,,,,,,,1,,,,,,,,,,,,,,,
982,三脚架,25020,,1,,,,,1,1,, #, #,###,chain,,,,,,,,,
983,三脚架延长杆,25021,,1,,,,,1,1,,#,#,#,chain,,,,,,,,,
984,底片放大器,25022,,,,,,,,,,,,,,,,,,,,,,
985,一堆胶卷,25024,,1,,,,,1,,,,,,,,,,,,,,,
986,一盒胶卷,25025,,1,,,,,1,,,,,,,,,,,,,,,
987,一堆镜头,25026,,1,,,,,1,,,,,,,,,,,,,,,
988,闪光灯,25027,,1,,,,,1,,,,,,,,,,,,,,,
989,水龙头,25028,,1,,,,,,1,,$,###,#,iron_ingot,iron_trapdoor,,,,,,,,
990,人台,25029,,1,,,,,,,,,,,,,,,,,,,,
991,台灯,25031,,,,,,,1,,,,,,,,,,,,,,,
992,欧式台灯,25033,,,,,,,1,,,,,,,,,,,,,,,
993,沙发中段,25034,,1,,1,,,,,,,,,,,,,,,,,,994
994,沙发右段,25035,,1,,1,,,,,,,,,,,,,,,,,,995
995,沙发左段,25036,,1,,1,,,,,,,,,,,,,,,,,,993
996,双扶手沙发,25037,,1,,1,,,1,,,,,,,,,,,,,,,
997,欧式茶几,25038,,1,1,,1,,1,,,,,,,,,,,,,,,
998,欧式床头柜,25039,,1,1,,1,,1,,,,,,,,,,,,,,,
999,新中式茶几,25040,,1,1,,1,,1,,,,,,,,,,,,,,,
1000,现代天鹅绒小桌,25041,,1,1,,1,,1,,,,,,,,,,,,,,,
1001,现代画布小桌,25042,,1,1,,1,,1,,,,,,,,,,,,,,,
1002,现代小桌,25043,,1,1,,1,,1,,,,,,,,,,,,,,,
1003,青花瓷花瓶,25044,,1,,,,,1,,,,,,,,,,,,,,,
1004,米白色花瓶,25045,,1,,,1,,1,,,,,,,,,,,,,,,
1005,留声机,25046,,1,,,1,,1,,,,,,,,,,,,,,,
1006,果篮,25047,,1,,,1,,1,,,,,,,,,,,,,,,
1007,收音机,25048,,1,,,1,,1,,,,,,,,,,,,,,,
1008,售货机A,30001,,1,,,,1,,,,,,,,,,,,,,,,
1009,售货机B,30002,,1,,,,,,,,,,,,,,,,,,,,
1010,消防栓,30003,,1,,,,,,,,,,,,,,,,,,,,
1011,垃圾桶,30004,,,,,,,1,,,,,,,,,,,,,,,
1012,井盖,30006,,,,,,,,,,,,,,,,,,,,,,
1013,日式灯,30009,,,,,,,1,,,,,,,,,,,,,,,
1014,海报A,30010,,1,,,,,,,,,,,,,,,,,,,,
1015,海报B,30011,,1,,,,,,,,,,,,,,,,,,,,
1016,海报C,30012,,1,,,,,,,,,,,,,,,,,,,,
1017,海报D,30013,,1,,,,,,,,,,,,,,,,,,,,
1018,海报E,30014,,1,,,,,,,,,,,,,,,,,,,,
1019,海报F,30015,,1,,,,,,,,,,,,,,,,,,,,
1020,海报G,30016,,1,,,,,,,,,,,,,,,,,,,,
1021,海报H,30017,,1,,,,,,,,,,,,,,,,,,,,
1022,海报I,30018,,1,,,,,,,,,,,,,,,,,,,,
1023,海报J,30019,,1,,,,,,,,,,,,,,,,,,,,
1024,海报K,30020,,1,,,,,,,,,,,,,,,,,,,,
1025,海报L,30021,,1,,,,,,,,,,,,,,,,,,,,
1026,洒水壶,30022,,1,,,,,1,,,,,,,,,,,,,,,
1027,防盗门 关状态,30023,,1,,,1,,,,,,,,,,,,,,,,,1028
1028,防盗门 开状态,30024,,1,,,,,,,,,,,,,,,,,,,,1027
1029,下水道,30025,,,,,1,,,,,,,,,,,,,,,,,
1030,站牌,30027,,1,,,,,1,,,,,,,,,,,,,,,
1031,原木去皮机,6006,,,,,1,,,1,,# %,$$$,$$$,iron_ingot,#logs,iron_axe,,,,,,,
1032,混凝土固化机,6007,,,,,1,,,1,, $,%$%, #,cauldron,stick,iron_ingot,,,,,,,
1033,高温氧化台,6008,,,,,1,,,1,,,$$$,#%#,copper,iron_trapdoor,flint_and_steel,,,,,,,